cell,species,Landuse
7410380,Syringa vulgaris,ForestWetRich
7413079,Syringa vulgaris,ForestWetRich
7413080,Syringa vulgaris,ForestWetRich
7415777,Syringa vulgaris,ForestWetRich
7415778,Syringa vulgaris,ForestWetRich
7415779,Syringa vulgaris,ForestWetRich
7415780,Syringa vulgaris,ForestWetRich
7418476,Syringa vulgaris,ForestWetRich
7418477,Syringa vulgaris,ForestWetRich
7418478,Syringa vulgaris,ForestWetRich
7418479,Syringa vulgaris,ForestWetRich
7418480,Syringa vulgaris,ForestWetRich
7421175,Syringa vulgaris,ForestWetRich
7421176,Syringa vulgaris,ForestWetRich
7421177,Syringa vulgaris,ForestWetRich
7421178,Syringa vulgaris,ForestWetRich
7421179,Syringa vulgaris,ForestWetRich
7421180,Syringa vulgaris,ForestWetRich
7423874,Syringa vulgaris,ForestWetRich
7423875,Syringa vulgaris,ForestWetRich
7423876,Syringa vulgaris,ForestWetRich
7423877,Syringa vulgaris,ForestWetRich
7423878,Syringa vulgaris,ForestWetRich
7423879,Syringa vulgaris,ForestWetRich
7423880,Syringa vulgaris,ForestWetRich
7426573,Syringa vulgaris,ForestWetRich
7426574,Syringa vulgaris,ForestWetRich
7426575,Syringa vulgaris,ForestWetRich
7426576,Syringa vulgaris,ForestWetRich
7426577,Syringa vulgaris,ForestWetRich
7426578,Syringa vulgaris,ForestWetRich
7426579,Syringa vulgaris,ForestWetRich
7426580,Syringa vulgaris,ForestWetRich
7429271,Syringa vulgaris,ForestWetRich
7429272,Syringa vulgaris,ForestWetRich
7429273,Syringa vulgaris,ForestWetRich
7429274,Syringa vulgaris,ForestWetRich
7429275,Syringa vulgaris,ForestWetRich
7429276,Syringa vulgaris,ForestWetRich
7429277,Syringa vulgaris,ForestWetRich
7429278,Syringa vulgaris,ForestWetRich
7429279,Syringa vulgaris,ForestWetRich
7429280,Syringa vulgaris,ForestWetRich
7429341,Syringa vulgaris,ForestWetRich
7431970,Syringa vulgaris,ForestWetRich
7431971,Syringa vulgaris,ForestWetRich
7431972,Syringa vulgaris,ForestWetRich
7431973,Syringa vulgaris,ForestWetRich
7431974,Syringa vulgaris,ForestWetRich
7431975,Syringa vulgaris,ForestWetRich
7431976,Syringa vulgaris,ForestWetRich
7431977,Syringa vulgaris,ForestWetRich
7431978,Syringa vulgaris,ForestWetRich
7431979,Syringa vulgaris,ForestWetRich
7431980,Syringa vulgaris,ForestWetRich
7432041,Syringa vulgaris,ForestWetRich
7432042,Syringa vulgaris,ForestWetRich
7434670,Syringa vulgaris,ForestWetRich
7434671,Syringa vulgaris,ForestWetRich
7434672,Syringa vulgaris,ForestWetRich
7434673,Syringa vulgaris,ForestWetRich
7434674,Syringa vulgaris,ForestWetRich
7434675,Syringa vulgaris,ForestWetRich
7434676,Syringa vulgaris,ForestWetRich
7434677,Syringa vulgaris,ForestWetRich
7434678,Syringa vulgaris,ForestWetRich
7434679,Syringa vulgaris,ForestWetRich
7434680,Syringa vulgaris,ForestWetRich
7434741,Syringa vulgaris,ForestWetRich
7434742,Syringa vulgaris,ForestWetRich
7434743,Syringa vulgaris,ForestWetRich
7437369,Syringa vulgaris,ForestWetRich
7437370,Syringa vulgaris,ForestWetRich
7437371,Syringa vulgaris,ForestWetRich
7437372,Syringa vulgaris,ForestWetRich
7437373,Syringa vulgaris,ForestWetRich
7437374,Syringa vulgaris,ForestWetRich
7437375,Syringa vulgaris,ForestWetRich
7437376,Syringa vulgaris,ForestWetRich
7437377,Syringa vulgaris,ForestWetRich
7437378,Syringa vulgaris,ForestWetRich
7437379,Syringa vulgaris,ForestWetRich
7437380,Syringa vulgaris,ForestWetRich
7437441,Syringa vulgaris,ForestWetRich
7437442,Syringa vulgaris,ForestWetRich
7437443,Syringa vulgaris,ForestWetRich
7437444,Syringa vulgaris,ForestWetRich
7440068,Syringa vulgaris,ForestWetRich
7440069,Syringa vulgaris,ForestWetRich
7440070,Syringa vulgaris,ForestWetRich
7440071,Syringa vulgaris,ForestWetRich
7440072,Syringa vulgaris,ForestWetRich
7440073,Syringa vulgaris,ForestWetRich
7440074,Syringa vulgaris,ForestWetRich
7440075,Syringa vulgaris,ForestWetRich
7440076,Syringa vulgaris,ForestWetRich
7440077,Syringa vulgaris,ForestWetRich
7440078,Syringa vulgaris,ForestWetRich
7440079,Syringa vulgaris,ForestWetRich
7440080,Syringa vulgaris,ForestWetRich
7440141,Syringa vulgaris,ForestWetRich
7440142,Syringa vulgaris,ForestWetRich
7440143,Syringa vulgaris,ForestWetRich
7440144,Syringa vulgaris,ForestWetRich
7442767,Syringa vulgaris,ForestWetRich
7442768,Syringa vulgaris,ForestWetRich
7442769,Syringa vulgaris,ForestWetRich
7442770,Syringa vulgaris,ForestWetRich
7442771,Syringa vulgaris,ForestWetRich
7442772,Syringa vulgaris,ForestWetRich
7442773,Syringa vulgaris,ForestWetRich
7442774,Syringa vulgaris,ForestWetRich
7442775,Syringa vulgaris,ForestWetRich
7442776,Syringa vulgaris,ForestWetRich
7442777,Syringa vulgaris,ForestWetRich
7442778,Syringa vulgaris,ForestWetRich
7442779,Syringa vulgaris,ForestWetRich
7442780,Syringa vulgaris,ForestWetRich
7442841,Syringa vulgaris,ForestWetRich
7442842,Syringa vulgaris,ForestWetRich
7442843,Syringa vulgaris,ForestWetRich
7442844,Syringa vulgaris,ForestWetRich
7442845,Syringa vulgaris,ForestWetRich
7445466,Syringa vulgaris,ForestWetRich
7445467,Syringa vulgaris,ForestWetRich
7445468,Syringa vulgaris,ForestWetRich
7445469,Syringa vulgaris,ForestWetRich
7445470,Syringa vulgaris,ForestWetRich
7445471,Syringa vulgaris,ForestWetRich
7445472,Syringa vulgaris,ForestWetRich
7445473,Syringa vulgaris,ForestWetRich
7445474,Syringa vulgaris,ForestWetRich
7445475,Syringa vulgaris,ForestWetRich
7445476,Syringa vulgaris,ForestWetRich
7445477,Syringa vulgaris,ForestWetRich
7445478,Syringa vulgaris,ForestWetRich
7445479,Syringa vulgaris,ForestWetRich
7445480,Syringa vulgaris,ForestWetRich
7445541,Syringa vulgaris,ForestWetRich
7445542,Syringa vulgaris,ForestWetRich
7445543,Syringa vulgaris,ForestWetRich
7445544,Syringa vulgaris,ForestWetRich
7445545,Syringa vulgaris,ForestWetRich
7445546,Syringa vulgaris,ForestWetRich
7448166,Syringa vulgaris,ForestWetRich
7448167,Syringa vulgaris,ForestWetRich
7448168,Syringa vulgaris,ForestWetRich
7448169,Syringa vulgaris,ForestWetRich
7448170,Syringa vulgaris,ForestWetRich
7448171,Syringa vulgaris,ForestWetRich
7448172,Syringa vulgaris,ForestWetRich
7448173,Syringa vulgaris,ForestWetRich
7448174,Syringa vulgaris,ForestWetRich
7448175,Syringa vulgaris,ForestWetRich
7448176,Syringa vulgaris,ForestWetRich
7448177,Syringa vulgaris,ForestWetRich
7448178,Syringa vulgaris,ForestWetRich
7448179,Syringa vulgaris,ForestWetRich
7448180,Syringa vulgaris,ForestWetRich
7448241,Syringa vulgaris,ForestWetRich
7448242,Syringa vulgaris,ForestWetRich
7448243,Syringa vulgaris,ForestWetRich
7448244,Syringa vulgaris,ForestWetRich
7448245,Syringa vulgaris,ForestWetRich
7448246,Syringa vulgaris,ForestWetRich
7448247,Syringa vulgaris,ForestWetRich
7450865,Syringa vulgaris,ForestWetRich
7450866,Syringa vulgaris,ForestWetRich
7450867,Syringa vulgaris,ForestWetRich
7450868,Syringa vulgaris,ForestWetRich
7450869,Syringa vulgaris,ForestWetRich
7450870,Syringa vulgaris,ForestWetRich
7450871,Syringa vulgaris,ForestWetRich
7450872,Syringa vulgaris,ForestWetRich
7450873,Syringa vulgaris,ForestWetRich
7450874,Syringa vulgaris,ForestWetRich
7450875,Syringa vulgaris,ForestWetRich
7450876,Syringa vulgaris,ForestWetRich
7450877,Syringa vulgaris,ForestWetRich
7450878,Syringa vulgaris,ForestWetRich
7450879,Syringa vulgaris,ForestWetRich
7450880,Syringa vulgaris,ForestWetRich
7450941,Syringa vulgaris,ForestWetRich
7450942,Syringa vulgaris,ForestWetRich
7450943,Syringa vulgaris,ForestWetRich
7450944,Syringa vulgaris,ForestWetRich
7450945,Syringa vulgaris,ForestWetRich
7450946,Syringa vulgaris,ForestWetRich
7450947,Syringa vulgaris,ForestWetRich
7453564,Syringa vulgaris,ForestWetRich
7453565,Syringa vulgaris,ForestWetRich
7453566,Syringa vulgaris,ForestWetRich
7453567,Syringa vulgaris,ForestWetRich
7453568,Syringa vulgaris,ForestWetRich
7453569,Syringa vulgaris,ForestWetRich
7453570,Syringa vulgaris,ForestWetRich
7453571,Syringa vulgaris,ForestWetRich
7453572,Syringa vulgaris,ForestWetRich
7453573,Syringa vulgaris,ForestWetRich
7453574,Syringa vulgaris,ForestWetRich
7453575,Syringa vulgaris,ForestWetRich
7453576,Syringa vulgaris,ForestWetRich
7453577,Syringa vulgaris,ForestWetRich
7453578,Syringa vulgaris,ForestWetRich
7453579,Syringa vulgaris,ForestWetRich
7453580,Syringa vulgaris,ForestWetRich
7453641,Syringa vulgaris,ForestWetRich
7453642,Syringa vulgaris,ForestWetRich
7453643,Syringa vulgaris,ForestWetRich
7453644,Syringa vulgaris,ForestWetRich
7453645,Syringa vulgaris,ForestWetRich
7453646,Syringa vulgaris,ForestWetRich
7453647,Syringa vulgaris,ForestWetRich
7453648,Syringa vulgaris,ForestWetRich
7456264,Syringa vulgaris,ForestWetRich
7456265,Syringa vulgaris,ForestWetRich
7456266,Syringa vulgaris,ForestWetRich
7456267,Syringa vulgaris,ForestWetRich
7456268,Syringa vulgaris,ForestWetRich
7456269,Syringa vulgaris,ForestWetRich
7456270,Syringa vulgaris,ForestWetRich
7456271,Syringa vulgaris,ForestWetRich
7456272,Syringa vulgaris,ForestWetRich
7456273,Syringa vulgaris,ForestWetRich
7456274,Syringa vulgaris,ForestWetRich
7456275,Syringa vulgaris,ForestWetRich
7456276,Syringa vulgaris,ForestWetRich
7456277,Syringa vulgaris,ForestWetRich
7456278,Syringa vulgaris,ForestWetRich
7456279,Syringa vulgaris,ForestWetRich
7456280,Syringa vulgaris,ForestWetRich
7456341,Syringa vulgaris,ForestWetRich
7456342,Syringa vulgaris,ForestWetRich
7456343,Syringa vulgaris,ForestWetRich
7456344,Syringa vulgaris,ForestWetRich
7456345,Syringa vulgaris,ForestWetRich
7456346,Syringa vulgaris,ForestWetRich
7456347,Syringa vulgaris,ForestWetRich
7456348,Syringa vulgaris,ForestWetRich
7456349,Syringa vulgaris,ForestWetRich
7458963,Syringa vulgaris,ForestWetRich
7458964,Syringa vulgaris,ForestWetRich
7458965,Syringa vulgaris,ForestWetRich
7458966,Syringa vulgaris,ForestWetRich
7458967,Syringa vulgaris,ForestWetRich
7458968,Syringa vulgaris,ForestWetRich
7458969,Syringa vulgaris,ForestWetRich
7458970,Syringa vulgaris,ForestWetRich
7458971,Syringa vulgaris,ForestWetRich
7458972,Syringa vulgaris,ForestWetRich
7458973,Syringa vulgaris,ForestWetRich
7458974,Syringa vulgaris,ForestWetRich
7458975,Syringa vulgaris,ForestWetRich
7458976,Syringa vulgaris,ForestWetRich
7458977,Syringa vulgaris,ForestWetRich
7458978,Syringa vulgaris,ForestWetRich
7458979,Syringa vulgaris,ForestWetRich
7458980,Syringa vulgaris,ForestWetRich
7459041,Syringa vulgaris,ForestWetRich
7459042,Syringa vulgaris,ForestWetRich
7459043,Syringa vulgaris,ForestWetRich
7459044,Syringa vulgaris,ForestWetRich
7459045,Syringa vulgaris,ForestWetRich
7459046,Syringa vulgaris,ForestWetRich
7459047,Syringa vulgaris,ForestWetRich
7459048,Syringa vulgaris,ForestWetRich
7459049,Syringa vulgaris,ForestWetRich
7461663,Syringa vulgaris,ForestWetRich
7461664,Syringa vulgaris,ForestWetRich
7461665,Syringa vulgaris,ForestWetRich
7461666,Syringa vulgaris,ForestWetRich
7461667,Syringa vulgaris,ForestWetRich
7461668,Syringa vulgaris,ForestWetRich
7461669,Syringa vulgaris,ForestWetRich
7461670,Syringa vulgaris,ForestWetRich
7461671,Syringa vulgaris,ForestWetRich
7461672,Syringa vulgaris,ForestWetRich
7461673,Syringa vulgaris,ForestWetRich
7461674,Syringa vulgaris,ForestWetRich
7461675,Syringa vulgaris,ForestWetRich
7461676,Syringa vulgaris,ForestWetRich
7461677,Syringa vulgaris,ForestWetRich
7461678,Syringa vulgaris,ForestWetRich
7461679,Syringa vulgaris,ForestWetRich
7461680,Syringa vulgaris,ForestWetRich
7461741,Syringa vulgaris,ForestWetRich
7461742,Syringa vulgaris,ForestWetRich
7461743,Syringa vulgaris,ForestWetRich
7461744,Syringa vulgaris,ForestWetRich
7461745,Syringa vulgaris,ForestWetRich
7461746,Syringa vulgaris,ForestWetRich
7461747,Syringa vulgaris,ForestWetRich
7461748,Syringa vulgaris,ForestWetRich
7461749,Syringa vulgaris,ForestWetRich
7461750,Syringa vulgaris,ForestWetRich
7464362,Syringa vulgaris,ForestWetRich
7464363,Syringa vulgaris,ForestWetRich
7464364,Syringa vulgaris,ForestWetRich
7464365,Syringa vulgaris,ForestWetRich
7464366,Syringa vulgaris,ForestWetRich
7464367,Syringa vulgaris,ForestWetRich
7464368,Syringa vulgaris,ForestWetRich
7464369,Syringa vulgaris,ForestWetRich
7464370,Syringa vulgaris,ForestWetRich
7464371,Syringa vulgaris,ForestWetRich
7464372,Syringa vulgaris,ForestWetRich
7464373,Syringa vulgaris,ForestWetRich
7464374,Syringa vulgaris,ForestWetRich
7464375,Syringa vulgaris,ForestWetRich
7464376,Syringa vulgaris,ForestWetRich
7464377,Syringa vulgaris,ForestWetRich
7464378,Syringa vulgaris,ForestWetRich
7464379,Syringa vulgaris,ForestWetRich
7464380,Syringa vulgaris,ForestWetRich
7464441,Syringa vulgaris,ForestWetRich
7464442,Syringa vulgaris,ForestWetRich
7464443,Syringa vulgaris,ForestWetRich
7464444,Syringa vulgaris,ForestWetRich
7464445,Syringa vulgaris,ForestWetRich
7464446,Syringa vulgaris,ForestWetRich
7464447,Syringa vulgaris,ForestWetRich
7464448,Syringa vulgaris,ForestWetRich
7464449,Syringa vulgaris,ForestWetRich
7464450,Syringa vulgaris,ForestWetRich
7467062,Syringa vulgaris,ForestWetRich
7467063,Syringa vulgaris,ForestWetRich
7467064,Syringa vulgaris,ForestWetRich
7467065,Syringa vulgaris,ForestWetRich
7467066,Syringa vulgaris,ForestWetRich
7467067,Syringa vulgaris,ForestWetRich
7467068,Syringa vulgaris,ForestWetRich
7467069,Syringa vulgaris,ForestWetRich
7467070,Syringa vulgaris,ForestWetRich
7467071,Syringa vulgaris,ForestWetRich
7467072,Syringa vulgaris,ForestWetRich
7467073,Syringa vulgaris,ForestWetRich
7467074,Syringa vulgaris,ForestWetRich
7467075,Syringa vulgaris,ForestWetRich
7467076,Syringa vulgaris,ForestWetRich
7467077,Syringa vulgaris,ForestWetRich
7467078,Syringa vulgaris,ForestWetRich
7467079,Syringa vulgaris,ForestWetRich
7467080,Syringa vulgaris,ForestWetRich
7467141,Syringa vulgaris,ForestWetRich
7467142,Syringa vulgaris,ForestWetRich
7467143,Syringa vulgaris,ForestWetRich
7467144,Syringa vulgaris,ForestWetRich
7467145,Syringa vulgaris,ForestWetRich
7467146,Syringa vulgaris,ForestWetRich
7467147,Syringa vulgaris,ForestWetRich
7467148,Syringa vulgaris,ForestWetRich
7467149,Syringa vulgaris,ForestWetRich
7467150,Syringa vulgaris,ForestWetRich
7467151,Syringa vulgaris,ForestWetRich
7469761,Syringa vulgaris,ForestWetRich
7469762,Syringa vulgaris,ForestWetRich
7469763,Syringa vulgaris,ForestWetRich
7469764,Syringa vulgaris,ForestWetRich
7469765,Syringa vulgaris,ForestWetRich
7469766,Syringa vulgaris,ForestWetRich
7469767,Syringa vulgaris,ForestWetRich
7469768,Syringa vulgaris,ForestWetRich
7469769,Syringa vulgaris,ForestWetRich
7469770,Syringa vulgaris,ForestWetRich
7469771,Syringa vulgaris,ForestWetRich
7469772,Syringa vulgaris,ForestWetRich
7469773,Syringa vulgaris,ForestWetRich
7469774,Syringa vulgaris,ForestWetRich
7469775,Syringa vulgaris,ForestWetRich
7469776,Syringa vulgaris,ForestWetRich
7469777,Syringa vulgaris,ForestWetRich
7469778,Syringa vulgaris,ForestWetRich
7469779,Syringa vulgaris,ForestWetRich
7469780,Syringa vulgaris,ForestWetRich
7469841,Syringa vulgaris,ForestWetRich
7469842,Syringa vulgaris,ForestWetRich
7469843,Syringa vulgaris,ForestWetRich
7469844,Syringa vulgaris,ForestWetRich
7469845,Syringa vulgaris,ForestWetRich
7469846,Syringa vulgaris,ForestWetRich
7469847,Syringa vulgaris,ForestWetRich
7469848,Syringa vulgaris,ForestWetRich
7469849,Syringa vulgaris,ForestWetRich
7469850,Syringa vulgaris,ForestWetRich
7469851,Syringa vulgaris,ForestWetRich
7472461,Syringa vulgaris,ForestWetRich
7472462,Syringa vulgaris,ForestWetRich
7472463,Syringa vulgaris,ForestWetRich
7472464,Syringa vulgaris,ForestWetRich
7472465,Syringa vulgaris,ForestWetRich
7472466,Syringa vulgaris,ForestWetRich
7472467,Syringa vulgaris,ForestWetRich
7472468,Syringa vulgaris,ForestWetRich
7472469,Syringa vulgaris,ForestWetRich
7472470,Syringa vulgaris,ForestWetRich
7472471,Syringa vulgaris,ForestWetRich
7472472,Syringa vulgaris,ForestWetRich
7472473,Syringa vulgaris,ForestWetRich
7472474,Syringa vulgaris,ForestWetRich
7472475,Syringa vulgaris,ForestWetRich
7472476,Syringa vulgaris,ForestWetRich
7472477,Syringa vulgaris,ForestWetRich
7472478,Syringa vulgaris,ForestWetRich
7472479,Syringa vulgaris,ForestWetRich
7472480,Syringa vulgaris,ForestWetRich
7472541,Syringa vulgaris,ForestWetRich
7472542,Syringa vulgaris,ForestWetRich
7472543,Syringa vulgaris,ForestWetRich
7472544,Syringa vulgaris,ForestWetRich
7472545,Syringa vulgaris,ForestWetRich
7472546,Syringa vulgaris,ForestWetRich
7472547,Syringa vulgaris,ForestWetRich
7472548,Syringa vulgaris,ForestWetRich
7472549,Syringa vulgaris,ForestWetRich
7472550,Syringa vulgaris,ForestWetRich
7472551,Syringa vulgaris,ForestWetRich
7472552,Syringa vulgaris,ForestWetRich
7475161,Syringa vulgaris,ForestWetRich
7475162,Syringa vulgaris,ForestWetRich
7475163,Syringa vulgaris,ForestWetRich
7475164,Syringa vulgaris,ForestWetRich
7475165,Syringa vulgaris,ForestWetRich
7475166,Syringa vulgaris,ForestWetRich
7475167,Syringa vulgaris,ForestWetRich
7475168,Syringa vulgaris,ForestWetRich
7475169,Syringa vulgaris,ForestWetRich
7475170,Syringa vulgaris,ForestWetRich
7475171,Syringa vulgaris,ForestWetRich
7475172,Syringa vulgaris,ForestWetRich
7475173,Syringa vulgaris,ForestWetRich
7475174,Syringa vulgaris,ForestWetRich
7475175,Syringa vulgaris,ForestWetRich
7475176,Syringa vulgaris,ForestWetRich
7475177,Syringa vulgaris,ForestWetRich
7475178,Syringa vulgaris,ForestWetRich
7475179,Syringa vulgaris,ForestWetRich
7475180,Syringa vulgaris,ForestWetRich
7475241,Syringa vulgaris,ForestWetRich
7475242,Syringa vulgaris,ForestWetRich
7475243,Syringa vulgaris,ForestWetRich
7475244,Syringa vulgaris,ForestWetRich
7475245,Syringa vulgaris,ForestWetRich
7475246,Syringa vulgaris,ForestWetRich
7475247,Syringa vulgaris,ForestWetRich
7475248,Syringa vulgaris,ForestWetRich
7475249,Syringa vulgaris,ForestWetRich
7475250,Syringa vulgaris,ForestWetRich
7475251,Syringa vulgaris,ForestWetRich
7475252,Syringa vulgaris,ForestWetRich
7477861,Syringa vulgaris,ForestWetRich
7477862,Syringa vulgaris,ForestWetRich
7477863,Syringa vulgaris,ForestWetRich
7477864,Syringa vulgaris,ForestWetRich
7477865,Syringa vulgaris,ForestWetRich
7477866,Syringa vulgaris,ForestWetRich
7477867,Syringa vulgaris,ForestWetRich
7477868,Syringa vulgaris,ForestWetRich
7477869,Syringa vulgaris,ForestWetRich
7477870,Syringa vulgaris,ForestWetRich
7477871,Syringa vulgaris,ForestWetRich
7477872,Syringa vulgaris,ForestWetRich
7477873,Syringa vulgaris,ForestWetRich
7477874,Syringa vulgaris,ForestWetRich
7477875,Syringa vulgaris,ForestWetRich
7477876,Syringa vulgaris,ForestWetRich
7477877,Syringa vulgaris,ForestWetRich
7477878,Syringa vulgaris,ForestWetRich
7477879,Syringa vulgaris,ForestWetRich
7477880,Syringa vulgaris,ForestWetRich
7477941,Syringa vulgaris,ForestWetRich
7477942,Syringa vulgaris,ForestWetRich
7477943,Syringa vulgaris,ForestWetRich
7477944,Syringa vulgaris,ForestWetRich
7477945,Syringa vulgaris,ForestWetRich
7477946,Syringa vulgaris,ForestWetRich
7477947,Syringa vulgaris,ForestWetRich
7477948,Syringa vulgaris,ForestWetRich
7477949,Syringa vulgaris,ForestWetRich
7477950,Syringa vulgaris,ForestWetRich
7477951,Syringa vulgaris,ForestWetRich
7477952,Syringa vulgaris,ForestWetRich
7480561,Syringa vulgaris,ForestWetRich
7480562,Syringa vulgaris,ForestWetRich
7480563,Syringa vulgaris,ForestWetRich
7480564,Syringa vulgaris,ForestWetRich
7480565,Syringa vulgaris,ForestWetRich
7480566,Syringa vulgaris,ForestWetRich
7480567,Syringa vulgaris,ForestWetRich
7480568,Syringa vulgaris,ForestWetRich
7480569,Syringa vulgaris,ForestWetRich
7480570,Syringa vulgaris,ForestWetRich
7480571,Syringa vulgaris,ForestWetRich
7480572,Syringa vulgaris,ForestWetRich
7480573,Syringa vulgaris,ForestWetRich
7480574,Syringa vulgaris,ForestWetRich
7480575,Syringa vulgaris,ForestWetRich
7480576,Syringa vulgaris,ForestWetRich
7480577,Syringa vulgaris,ForestWetRich
7480578,Syringa vulgaris,ForestWetRich
7480579,Syringa vulgaris,ForestWetRich
7480580,Syringa vulgaris,ForestWetRich
7480641,Syringa vulgaris,ForestWetRich
7480642,Syringa vulgaris,ForestWetRich
7480643,Syringa vulgaris,ForestWetRich
7480644,Syringa vulgaris,ForestWetRich
7480645,Syringa vulgaris,ForestWetRich
7480646,Syringa vulgaris,ForestWetRich
7480647,Syringa vulgaris,ForestWetRich
7480648,Syringa vulgaris,ForestWetRich
7480649,Syringa vulgaris,ForestWetRich
7480650,Syringa vulgaris,ForestWetRich
7480651,Syringa vulgaris,ForestWetRich
7480652,Syringa vulgaris,ForestWetRich
7480653,Syringa vulgaris,ForestWetRich
7483261,Syringa vulgaris,ForestWetRich
7483262,Syringa vulgaris,ForestWetRich
7483263,Syringa vulgaris,ForestWetRich
7483264,Syringa vulgaris,ForestWetRich
7483265,Syringa vulgaris,ForestWetRich
7483266,Syringa vulgaris,ForestWetRich
7483267,Syringa vulgaris,ForestWetRich
7483268,Syringa vulgaris,ForestWetRich
7483269,Syringa vulgaris,ForestWetRich
7483270,Syringa vulgaris,ForestWetRich
7483271,Syringa vulgaris,ForestWetRich
7483272,Syringa vulgaris,ForestWetRich
7483273,Syringa vulgaris,ForestWetRich
7483274,Syringa vulgaris,ForestWetRich
7483275,Syringa vulgaris,ForestWetRich
7483276,Syringa vulgaris,ForestWetRich
7483277,Syringa vulgaris,ForestWetRich
7483278,Syringa vulgaris,ForestWetRich
7483279,Syringa vulgaris,ForestWetRich
7483280,Syringa vulgaris,ForestWetRich
7483341,Syringa vulgaris,ForestWetRich
7483342,Syringa vulgaris,ForestWetRich
7483343,Syringa vulgaris,ForestWetRich
7483344,Syringa vulgaris,ForestWetRich
7483345,Syringa vulgaris,ForestWetRich
7483346,Syringa vulgaris,ForestWetRich
7483347,Syringa vulgaris,ForestWetRich
7483348,Syringa vulgaris,ForestWetRich
7483349,Syringa vulgaris,ForestWetRich
7483350,Syringa vulgaris,ForestWetRich
7483351,Syringa vulgaris,ForestWetRich
7483352,Syringa vulgaris,ForestWetRich
7483353,Syringa vulgaris,ForestWetRich
7485961,Syringa vulgaris,ForestWetRich
7485962,Syringa vulgaris,ForestWetRich
7485963,Syringa vulgaris,ForestWetRich
7485964,Syringa vulgaris,ForestWetRich
7485965,Syringa vulgaris,ForestWetRich
7485966,Syringa vulgaris,ForestWetRich
7485967,Syringa vulgaris,ForestWetRich
7485968,Syringa vulgaris,ForestWetRich
7485969,Syringa vulgaris,ForestWetRich
7485970,Syringa vulgaris,ForestWetRich
7485971,Syringa vulgaris,ForestWetRich
7485972,Syringa vulgaris,ForestWetRich
7485973,Syringa vulgaris,ForestWetRich
7485974,Syringa vulgaris,ForestWetRich
7485975,Syringa vulgaris,ForestWetRich
7485976,Syringa vulgaris,ForestWetRich
7485977,Syringa vulgaris,ForestWetRich
7485978,Syringa vulgaris,ForestWetRich
7485979,Syringa vulgaris,ForestWetRich
7485980,Syringa vulgaris,ForestWetRich
7486041,Syringa vulgaris,ForestWetRich
7486042,Syringa vulgaris,ForestWetRich
7486043,Syringa vulgaris,ForestWetRich
7486044,Syringa vulgaris,ForestWetRich
7486045,Syringa vulgaris,ForestWetRich
7486046,Syringa vulgaris,ForestWetRich
7486047,Syringa vulgaris,ForestWetRich
7486048,Syringa vulgaris,ForestWetRich
7486049,Syringa vulgaris,ForestWetRich
7486050,Syringa vulgaris,ForestWetRich
7486051,Syringa vulgaris,ForestWetRich
7486052,Syringa vulgaris,ForestWetRich
7486053,Syringa vulgaris,ForestWetRich
7488661,Syringa vulgaris,ForestWetRich
7488662,Syringa vulgaris,ForestWetRich
7488663,Syringa vulgaris,ForestWetRich
7488664,Syringa vulgaris,ForestWetRich
7488665,Syringa vulgaris,ForestWetRich
7488666,Syringa vulgaris,ForestWetRich
7488667,Syringa vulgaris,ForestWetRich
7488668,Syringa vulgaris,ForestWetRich
7488669,Syringa vulgaris,ForestWetRich
7488670,Syringa vulgaris,ForestWetRich
7488671,Syringa vulgaris,ForestWetRich
7488672,Syringa vulgaris,ForestWetRich
7488673,Syringa vulgaris,ForestWetRich
7488674,Syringa vulgaris,ForestWetRich
7488675,Syringa vulgaris,ForestWetRich
7488676,Syringa vulgaris,ForestWetRich
7488677,Syringa vulgaris,ForestWetRich
7488678,Syringa vulgaris,ForestWetRich
7488679,Syringa vulgaris,ForestWetRich
7488680,Syringa vulgaris,ForestWetRich
7488741,Syringa vulgaris,ForestWetRich
7488742,Syringa vulgaris,ForestWetRich
7488743,Syringa vulgaris,ForestWetRich
7488744,Syringa vulgaris,ForestWetRich
7488745,Syringa vulgaris,ForestWetRich
7488746,Syringa vulgaris,ForestWetRich
7488747,Syringa vulgaris,ForestWetRich
7488748,Syringa vulgaris,ForestWetRich
7488749,Syringa vulgaris,ForestWetRich
7488750,Syringa vulgaris,ForestWetRich
7488751,Syringa vulgaris,ForestWetRich
7488752,Syringa vulgaris,ForestWetRich
7488753,Syringa vulgaris,ForestWetRich
7488754,Syringa vulgaris,ForestWetRich
7491361,Syringa vulgaris,ForestWetRich
7491362,Syringa vulgaris,ForestWetRich
7491363,Syringa vulgaris,ForestWetRich
7491364,Syringa vulgaris,ForestWetRich
7491365,Syringa vulgaris,ForestWetRich
7491366,Syringa vulgaris,ForestWetRich
7491367,Syringa vulgaris,ForestWetRich
7491368,Syringa vulgaris,ForestWetRich
7491369,Syringa vulgaris,ForestWetRich
7491370,Syringa vulgaris,ForestWetRich
7491371,Syringa vulgaris,ForestWetRich
7491372,Syringa vulgaris,ForestWetRich
7491373,Syringa vulgaris,ForestWetRich
7491374,Syringa vulgaris,ForestWetRich
7491375,Syringa vulgaris,ForestWetRich
7491376,Syringa vulgaris,ForestWetRich
7491377,Syringa vulgaris,ForestWetRich
7491378,Syringa vulgaris,ForestWetRich
7491379,Syringa vulgaris,ForestWetRich
7491380,Syringa vulgaris,ForestWetRich
7491441,Syringa vulgaris,ForestWetRich
7491442,Syringa vulgaris,ForestWetRich
7491443,Syringa vulgaris,ForestWetRich
7491444,Syringa vulgaris,ForestWetRich
7491445,Syringa vulgaris,ForestWetRich
7491446,Syringa vulgaris,ForestWetRich
7491447,Syringa vulgaris,ForestWetRich
7491448,Syringa vulgaris,ForestWetRich
7491449,Syringa vulgaris,ForestWetRich
7491450,Syringa vulgaris,ForestWetRich
7491451,Syringa vulgaris,ForestWetRich
7491452,Syringa vulgaris,ForestWetRich
7491453,Syringa vulgaris,ForestWetRich
7491454,Syringa vulgaris,ForestWetRich
7494061,Syringa vulgaris,ForestWetRich
7494062,Syringa vulgaris,ForestWetRich
7494063,Syringa vulgaris,ForestWetRich
7494064,Syringa vulgaris,ForestWetRich
7494065,Syringa vulgaris,ForestWetRich
7494066,Syringa vulgaris,ForestWetRich
7494067,Syringa vulgaris,ForestWetRich
7494068,Syringa vulgaris,ForestWetRich
7494069,Syringa vulgaris,ForestWetRich
7494070,Syringa vulgaris,ForestWetRich
7494071,Syringa vulgaris,ForestWetRich
7494072,Syringa vulgaris,ForestWetRich
7494073,Syringa vulgaris,ForestWetRich
7494074,Syringa vulgaris,ForestWetRich
7494075,Syringa vulgaris,ForestWetRich
7494076,Syringa vulgaris,ForestWetRich
7494077,Syringa vulgaris,ForestWetRich
7494078,Syringa vulgaris,ForestWetRich
7494079,Syringa vulgaris,ForestWetRich
7494080,Syringa vulgaris,ForestWetRich
7494141,Syringa vulgaris,ForestWetRich
7494142,Syringa vulgaris,ForestWetRich
7494143,Syringa vulgaris,ForestWetRich
7494144,Syringa vulgaris,ForestWetRich
7494145,Syringa vulgaris,ForestWetRich
7494146,Syringa vulgaris,ForestWetRich
7494147,Syringa vulgaris,ForestWetRich
7494148,Syringa vulgaris,ForestWetRich
7494149,Syringa vulgaris,ForestWetRich
7494150,Syringa vulgaris,ForestWetRich
7494151,Syringa vulgaris,ForestWetRich
7494152,Syringa vulgaris,ForestWetRich
7494153,Syringa vulgaris,ForestWetRich
7494154,Syringa vulgaris,ForestWetRich
7496761,Syringa vulgaris,ForestWetRich
7496762,Syringa vulgaris,ForestWetRich
7496763,Syringa vulgaris,ForestWetRich
7496764,Syringa vulgaris,ForestWetRich
7496765,Syringa vulgaris,ForestWetRich
7496766,Syringa vulgaris,ForestWetRich
7496767,Syringa vulgaris,ForestWetRich
7496768,Syringa vulgaris,ForestWetRich
7496769,Syringa vulgaris,ForestWetRich
7496770,Syringa vulgaris,ForestWetRich
7496771,Syringa vulgaris,ForestWetRich
7496772,Syringa vulgaris,ForestWetRich
7496773,Syringa vulgaris,ForestWetRich
7496774,Syringa vulgaris,ForestWetRich
7496775,Syringa vulgaris,ForestWetRich
7496776,Syringa vulgaris,ForestWetRich
7496777,Syringa vulgaris,ForestWetRich
7496778,Syringa vulgaris,ForestWetRich
7496779,Syringa vulgaris,ForestWetRich
7496780,Syringa vulgaris,ForestWetRich
7496841,Syringa vulgaris,ForestWetRich
7496842,Syringa vulgaris,ForestWetRich
7496843,Syringa vulgaris,ForestWetRich
7496844,Syringa vulgaris,ForestWetRich
7496845,Syringa vulgaris,ForestWetRich
7496846,Syringa vulgaris,ForestWetRich
7496847,Syringa vulgaris,ForestWetRich
7496848,Syringa vulgaris,ForestWetRich
7496849,Syringa vulgaris,ForestWetRich
7496850,Syringa vulgaris,ForestWetRich
7496851,Syringa vulgaris,ForestWetRich
7496852,Syringa vulgaris,ForestWetRich
7496853,Syringa vulgaris,ForestWetRich
7496854,Syringa vulgaris,ForestWetRich
7499461,Syringa vulgaris,ForestWetRich
7499462,Syringa vulgaris,ForestWetRich
7499463,Syringa vulgaris,ForestWetRich
7499464,Syringa vulgaris,ForestWetRich
7499465,Syringa vulgaris,ForestWetRich
7499466,Syringa vulgaris,ForestWetRich
7499467,Syringa vulgaris,ForestWetRich
7499468,Syringa vulgaris,ForestWetRich
7499469,Syringa vulgaris,ForestWetRich
7499470,Syringa vulgaris,ForestWetRich
7499471,Syringa vulgaris,ForestWetRich
7499472,Syringa vulgaris,ForestWetRich
7499473,Syringa vulgaris,ForestWetRich
7499474,Syringa vulgaris,ForestWetRich
7499475,Syringa vulgaris,ForestWetRich
7499476,Syringa vulgaris,ForestWetRich
7499477,Syringa vulgaris,ForestWetRich
7499478,Syringa vulgaris,ForestWetRich
7499479,Syringa vulgaris,ForestWetRich
7499480,Syringa vulgaris,ForestWetRich
7499541,Syringa vulgaris,ForestWetRich
7499542,Syringa vulgaris,ForestWetRich
7499543,Syringa vulgaris,ForestWetRich
7499544,Syringa vulgaris,ForestWetRich
7499545,Syringa vulgaris,ForestWetRich
7499546,Syringa vulgaris,ForestWetRich
7499547,Syringa vulgaris,ForestWetRich
7499548,Syringa vulgaris,ForestWetRich
7499549,Syringa vulgaris,ForestWetRich
7499550,Syringa vulgaris,ForestWetRich
7499551,Syringa vulgaris,ForestWetRich
7499552,Syringa vulgaris,ForestWetRich
7499553,Syringa vulgaris,ForestWetRich
7499554,Syringa vulgaris,ForestWetRich
7499555,Syringa vulgaris,ForestWetRich
7502161,Syringa vulgaris,ForestWetRich
7502162,Syringa vulgaris,ForestWetRich
7502163,Syringa vulgaris,ForestWetRich
7502164,Syringa vulgaris,ForestWetRich
7502165,Syringa vulgaris,ForestWetRich
7502166,Syringa vulgaris,ForestWetRich
7502167,Syringa vulgaris,ForestWetRich
7502168,Syringa vulgaris,ForestWetRich
7502169,Syringa vulgaris,ForestWetRich
7502170,Syringa vulgaris,ForestWetRich
7502171,Syringa vulgaris,ForestWetRich
7502172,Syringa vulgaris,ForestWetRich
7502173,Syringa vulgaris,ForestWetRich
7502174,Syringa vulgaris,ForestWetRich
7502175,Syringa vulgaris,ForestWetRich
7502176,Syringa vulgaris,ForestWetRich
7502177,Syringa vulgaris,ForestWetRich
7502178,Syringa vulgaris,ForestWetRich
7502179,Syringa vulgaris,ForestWetRich
7502180,Syringa vulgaris,ForestWetRich
7502241,Syringa vulgaris,ForestWetRich
7502242,Syringa vulgaris,ForestWetRich
7502243,Syringa vulgaris,ForestWetRich
7502244,Syringa vulgaris,ForestWetRich
7502245,Syringa vulgaris,ForestWetRich
7502246,Syringa vulgaris,ForestWetRich
7502247,Syringa vulgaris,ForestWetRich
7502248,Syringa vulgaris,ForestWetRich
7502249,Syringa vulgaris,ForestWetRich
7502250,Syringa vulgaris,ForestWetRich
7502251,Syringa vulgaris,ForestWetRich
7502252,Syringa vulgaris,ForestWetRich
7502253,Syringa vulgaris,ForestWetRich
7502254,Syringa vulgaris,ForestWetRich
7502255,Syringa vulgaris,ForestWetRich
7504861,Syringa vulgaris,ForestWetRich
7504862,Syringa vulgaris,ForestWetRich
7504863,Syringa vulgaris,ForestWetRich
7504864,Syringa vulgaris,ForestWetRich
7504865,Syringa vulgaris,ForestWetRich
7504866,Syringa vulgaris,ForestWetRich
7504867,Syringa vulgaris,ForestWetRich
7504868,Syringa vulgaris,ForestWetRich
7504869,Syringa vulgaris,ForestWetRich
7504870,Syringa vulgaris,ForestWetRich
7504871,Syringa vulgaris,ForestWetRich
7504872,Syringa vulgaris,ForestWetRich
7504873,Syringa vulgaris,ForestWetRich
7504874,Syringa vulgaris,ForestWetRich
7504875,Syringa vulgaris,ForestWetRich
7504876,Syringa vulgaris,ForestWetRich
7504877,Syringa vulgaris,ForestWetRich
7504878,Syringa vulgaris,ForestWetRich
7504879,Syringa vulgaris,ForestWetRich
7504880,Syringa vulgaris,ForestWetRich
7504941,Syringa vulgaris,ForestWetRich
7504942,Syringa vulgaris,ForestWetRich
7504943,Syringa vulgaris,ForestWetRich
7504944,Syringa vulgaris,ForestWetRich
7504945,Syringa vulgaris,ForestWetRich
7504946,Syringa vulgaris,ForestWetRich
7504947,Syringa vulgaris,ForestWetRich
7504948,Syringa vulgaris,ForestWetRich
7504949,Syringa vulgaris,ForestWetRich
7504950,Syringa vulgaris,ForestWetRich
7504951,Syringa vulgaris,ForestWetRich
7504952,Syringa vulgaris,ForestWetRich
7504953,Syringa vulgaris,ForestWetRich
7504954,Syringa vulgaris,ForestWetRich
7504955,Syringa vulgaris,ForestWetRich
7507557,Syringa vulgaris,ForestWetRich
7507558,Syringa vulgaris,ForestWetRich
7507559,Syringa vulgaris,ForestWetRich
7507560,Syringa vulgaris,ForestWetRich
7507601,Syringa vulgaris,ForestWetRich
7507602,Syringa vulgaris,ForestWetRich
7507603,Syringa vulgaris,ForestWetRich
7507604,Syringa vulgaris,ForestWetRich
7507605,Syringa vulgaris,ForestWetRich
7507606,Syringa vulgaris,ForestWetRich
7507607,Syringa vulgaris,ForestWetRich
7507608,Syringa vulgaris,ForestWetRich
7507609,Syringa vulgaris,ForestWetRich
7507610,Syringa vulgaris,ForestWetRich
7507611,Syringa vulgaris,ForestWetRich
7507612,Syringa vulgaris,ForestWetRich
7507613,Syringa vulgaris,ForestWetRich
7507614,Syringa vulgaris,ForestWetRich
7507615,Syringa vulgaris,ForestWetRich
7507616,Syringa vulgaris,ForestWetRich
7507617,Syringa vulgaris,ForestWetRich
7507618,Syringa vulgaris,ForestWetRich
7507619,Syringa vulgaris,ForestWetRich
7507620,Syringa vulgaris,ForestWetRich
7507641,Syringa vulgaris,ForestWetRich
7507642,Syringa vulgaris,ForestWetRich
7507643,Syringa vulgaris,ForestWetRich
7507644,Syringa vulgaris,ForestWetRich
7507645,Syringa vulgaris,ForestWetRich
7507646,Syringa vulgaris,ForestWetRich
7507647,Syringa vulgaris,ForestWetRich
7507648,Syringa vulgaris,ForestWetRich
7507649,Syringa vulgaris,ForestWetRich
7507650,Syringa vulgaris,ForestWetRich
7507651,Syringa vulgaris,ForestWetRich
7507652,Syringa vulgaris,ForestWetRich
7507653,Syringa vulgaris,ForestWetRich
7507654,Syringa vulgaris,ForestWetRich
7507655,Syringa vulgaris,ForestWetRich
7510257,Syringa vulgaris,ForestWetRich
7510258,Syringa vulgaris,ForestWetRich
7510259,Syringa vulgaris,ForestWetRich
7510260,Syringa vulgaris,ForestWetRich
7510301,Syringa vulgaris,ForestWetRich
7510302,Syringa vulgaris,ForestWetRich
7510303,Syringa vulgaris,ForestWetRich
7510304,Syringa vulgaris,ForestWetRich
7510305,Syringa vulgaris,ForestWetRich
7510306,Syringa vulgaris,ForestWetRich
7510307,Syringa vulgaris,ForestWetRich
7510308,Syringa vulgaris,ForestWetRich
7510309,Syringa vulgaris,ForestWetRich
7510310,Syringa vulgaris,ForestWetRich
7510311,Syringa vulgaris,ForestWetRich
7510312,Syringa vulgaris,ForestWetRich
7510313,Syringa vulgaris,ForestWetRich
7510314,Syringa vulgaris,ForestWetRich
7510315,Syringa vulgaris,ForestWetRich
7510316,Syringa vulgaris,ForestWetRich
7510317,Syringa vulgaris,ForestWetRich
7510318,Syringa vulgaris,ForestWetRich
7510319,Syringa vulgaris,ForestWetRich
7510320,Syringa vulgaris,ForestWetRich
7510341,Syringa vulgaris,ForestWetRich
7510342,Syringa vulgaris,ForestWetRich
7510343,Syringa vulgaris,ForestWetRich
7510344,Syringa vulgaris,ForestWetRich
7510345,Syringa vulgaris,ForestWetRich
7510346,Syringa vulgaris,ForestWetRich
7510347,Syringa vulgaris,ForestWetRich
7510348,Syringa vulgaris,ForestWetRich
7510349,Syringa vulgaris,ForestWetRich
7510350,Syringa vulgaris,ForestWetRich
7510351,Syringa vulgaris,ForestWetRich
7510352,Syringa vulgaris,ForestWetRich
7510353,Syringa vulgaris,ForestWetRich
7510354,Syringa vulgaris,ForestWetRich
7510355,Syringa vulgaris,ForestWetRich
7512957,Syringa vulgaris,ForestWetRich
7512958,Syringa vulgaris,ForestWetRich
7512959,Syringa vulgaris,ForestWetRich
7512960,Syringa vulgaris,ForestWetRich
7513001,Syringa vulgaris,ForestWetRich
7513002,Syringa vulgaris,ForestWetRich
7513003,Syringa vulgaris,ForestWetRich
7513004,Syringa vulgaris,ForestWetRich
7513005,Syringa vulgaris,ForestWetRich
7513006,Syringa vulgaris,ForestWetRich
7513007,Syringa vulgaris,ForestWetRich
7513008,Syringa vulgaris,ForestWetRich
7513009,Syringa vulgaris,ForestWetRich
7513010,Syringa vulgaris,ForestWetRich
7513011,Syringa vulgaris,ForestWetRich
7513012,Syringa vulgaris,ForestWetRich
7513013,Syringa vulgaris,ForestWetRich
7513014,Syringa vulgaris,ForestWetRich
7513015,Syringa vulgaris,ForestWetRich
7513016,Syringa vulgaris,ForestWetRich
7513017,Syringa vulgaris,ForestWetRich
7513018,Syringa vulgaris,ForestWetRich
7513019,Syringa vulgaris,ForestWetRich
7513020,Syringa vulgaris,ForestWetRich
7513041,Syringa vulgaris,ForestWetRich
7513042,Syringa vulgaris,ForestWetRich
7513043,Syringa vulgaris,ForestWetRich
7513044,Syringa vulgaris,ForestWetRich
7513045,Syringa vulgaris,ForestWetRich
7513046,Syringa vulgaris,ForestWetRich
7513047,Syringa vulgaris,ForestWetRich
7513048,Syringa vulgaris,ForestWetRich
7513049,Syringa vulgaris,ForestWetRich
7513050,Syringa vulgaris,ForestWetRich
7513051,Syringa vulgaris,ForestWetRich
7513052,Syringa vulgaris,ForestWetRich
7513053,Syringa vulgaris,ForestWetRich
7513054,Syringa vulgaris,ForestWetRich
7513055,Syringa vulgaris,ForestWetRich
7515657,Syringa vulgaris,ForestWetRich
7515658,Syringa vulgaris,ForestWetRich
7515659,Syringa vulgaris,ForestWetRich
7515660,Syringa vulgaris,ForestWetRich
7515701,Syringa vulgaris,ForestWetRich
7515702,Syringa vulgaris,ForestWetRich
7515703,Syringa vulgaris,ForestWetRich
7515704,Syringa vulgaris,ForestWetRich
7515705,Syringa vulgaris,ForestWetRich
7515706,Syringa vulgaris,ForestWetRich
7515707,Syringa vulgaris,ForestWetRich
7515708,Syringa vulgaris,ForestWetRich
7515709,Syringa vulgaris,ForestWetRich
7515710,Syringa vulgaris,ForestWetRich
7515711,Syringa vulgaris,ForestWetRich
7515712,Syringa vulgaris,ForestWetRich
7515713,Syringa vulgaris,ForestWetRich
7515714,Syringa vulgaris,ForestWetRich
7515715,Syringa vulgaris,ForestWetRich
7515716,Syringa vulgaris,ForestWetRich
7515717,Syringa vulgaris,ForestWetRich
7515718,Syringa vulgaris,ForestWetRich
7515719,Syringa vulgaris,ForestWetRich
7515720,Syringa vulgaris,ForestWetRich
7515741,Syringa vulgaris,ForestWetRich
7515742,Syringa vulgaris,ForestWetRich
7515743,Syringa vulgaris,ForestWetRich
7515744,Syringa vulgaris,ForestWetRich
7515745,Syringa vulgaris,ForestWetRich
7515746,Syringa vulgaris,ForestWetRich
7515747,Syringa vulgaris,ForestWetRich
7515748,Syringa vulgaris,ForestWetRich
7515749,Syringa vulgaris,ForestWetRich
7515750,Syringa vulgaris,ForestWetRich
7515751,Syringa vulgaris,ForestWetRich
7515752,Syringa vulgaris,ForestWetRich
7515753,Syringa vulgaris,ForestWetRich
7515754,Syringa vulgaris,ForestWetRich
7515755,Syringa vulgaris,ForestWetRich
7518357,Syringa vulgaris,ForestWetRich
7518358,Syringa vulgaris,ForestWetRich
7518359,Syringa vulgaris,ForestWetRich
7518360,Syringa vulgaris,ForestWetRich
7518401,Syringa vulgaris,ForestWetRich
7518402,Syringa vulgaris,ForestWetRich
7518403,Syringa vulgaris,ForestWetRich
7518404,Syringa vulgaris,ForestWetRich
7518405,Syringa vulgaris,ForestWetRich
7518406,Syringa vulgaris,ForestWetRich
7518407,Syringa vulgaris,ForestWetRich
7518408,Syringa vulgaris,ForestWetRich
7518409,Syringa vulgaris,ForestWetRich
7518410,Syringa vulgaris,ForestWetRich
7518411,Syringa vulgaris,ForestWetRich
7518412,Syringa vulgaris,ForestWetRich
7518413,Syringa vulgaris,ForestWetRich
7518414,Syringa vulgaris,ForestWetRich
7518415,Syringa vulgaris,ForestWetRich
7518416,Syringa vulgaris,ForestWetRich
7518417,Syringa vulgaris,ForestWetRich
7518418,Syringa vulgaris,ForestWetRich
7518419,Syringa vulgaris,ForestWetRich
7518420,Syringa vulgaris,ForestWetRich
7518441,Syringa vulgaris,ForestWetRich
7518442,Syringa vulgaris,ForestWetRich
7518443,Syringa vulgaris,ForestWetRich
7518444,Syringa vulgaris,ForestWetRich
7518445,Syringa vulgaris,ForestWetRich
7518446,Syringa vulgaris,ForestWetRich
7518447,Syringa vulgaris,ForestWetRich
7518448,Syringa vulgaris,ForestWetRich
7518449,Syringa vulgaris,ForestWetRich
7518450,Syringa vulgaris,ForestWetRich
7518451,Syringa vulgaris,ForestWetRich
7518452,Syringa vulgaris,ForestWetRich
7518453,Syringa vulgaris,ForestWetRich
7518454,Syringa vulgaris,ForestWetRich
7518455,Syringa vulgaris,ForestWetRich
7521057,Syringa vulgaris,ForestWetRich
7521058,Syringa vulgaris,ForestWetRich
7521059,Syringa vulgaris,ForestWetRich
7521060,Syringa vulgaris,ForestWetRich
7521101,Syringa vulgaris,ForestWetRich
7521102,Syringa vulgaris,ForestWetRich
7521103,Syringa vulgaris,ForestWetRich
7521104,Syringa vulgaris,ForestWetRich
7521105,Syringa vulgaris,ForestWetRich
7521106,Syringa vulgaris,ForestWetRich
7521107,Syringa vulgaris,ForestWetRich
7521108,Syringa vulgaris,ForestWetRich
7521109,Syringa vulgaris,ForestWetRich
7521110,Syringa vulgaris,ForestWetRich
7521111,Syringa vulgaris,ForestWetRich
7521112,Syringa vulgaris,ForestWetRich
7521113,Syringa vulgaris,ForestWetRich
7521114,Syringa vulgaris,ForestWetRich
7521115,Syringa vulgaris,ForestWetRich
7521116,Syringa vulgaris,ForestWetRich
7521117,Syringa vulgaris,ForestWetRich
7521118,Syringa vulgaris,ForestWetRich
7521119,Syringa vulgaris,ForestWetRich
7521120,Syringa vulgaris,ForestWetRich
7521141,Syringa vulgaris,ForestWetRich
7521142,Syringa vulgaris,ForestWetRich
7521143,Syringa vulgaris,ForestWetRich
7521144,Syringa vulgaris,ForestWetRich
7521145,Syringa vulgaris,ForestWetRich
7521146,Syringa vulgaris,ForestWetRich
7521147,Syringa vulgaris,ForestWetRich
7521148,Syringa vulgaris,ForestWetRich
7521149,Syringa vulgaris,ForestWetRich
7521150,Syringa vulgaris,ForestWetRich
7521151,Syringa vulgaris,ForestWetRich
7521152,Syringa vulgaris,ForestWetRich
7521153,Syringa vulgaris,ForestWetRich
7521154,Syringa vulgaris,ForestWetRich
7521155,Syringa vulgaris,ForestWetRich
7521156,Syringa vulgaris,ForestWetRich
7523757,Syringa vulgaris,ForestWetRich
7523758,Syringa vulgaris,ForestWetRich
7523759,Syringa vulgaris,ForestWetRich
7523760,Syringa vulgaris,ForestWetRich
7523801,Syringa vulgaris,ForestWetRich
7523802,Syringa vulgaris,ForestWetRich
7523803,Syringa vulgaris,ForestWetRich
7523804,Syringa vulgaris,ForestWetRich
7523805,Syringa vulgaris,ForestWetRich
7523806,Syringa vulgaris,ForestWetRich
7523807,Syringa vulgaris,ForestWetRich
7523808,Syringa vulgaris,ForestWetRich
7523809,Syringa vulgaris,ForestWetRich
7523810,Syringa vulgaris,ForestWetRich
7523811,Syringa vulgaris,ForestWetRich
7523812,Syringa vulgaris,ForestWetRich
7523813,Syringa vulgaris,ForestWetRich
7523814,Syringa vulgaris,ForestWetRich
7523815,Syringa vulgaris,ForestWetRich
7523816,Syringa vulgaris,ForestWetRich
7523817,Syringa vulgaris,ForestWetRich
7523818,Syringa vulgaris,ForestWetRich
7523819,Syringa vulgaris,ForestWetRich
7523820,Syringa vulgaris,ForestWetRich
7523841,Syringa vulgaris,ForestWetRich
7523842,Syringa vulgaris,ForestWetRich
7523843,Syringa vulgaris,ForestWetRich
7523844,Syringa vulgaris,ForestWetRich
7523845,Syringa vulgaris,ForestWetRich
7523846,Syringa vulgaris,ForestWetRich
7523847,Syringa vulgaris,ForestWetRich
7523848,Syringa vulgaris,ForestWetRich
7523849,Syringa vulgaris,ForestWetRich
7523850,Syringa vulgaris,ForestWetRich
7523851,Syringa vulgaris,ForestWetRich
7523852,Syringa vulgaris,ForestWetRich
7523853,Syringa vulgaris,ForestWetRich
7523854,Syringa vulgaris,ForestWetRich
7523855,Syringa vulgaris,ForestWetRich
7523856,Syringa vulgaris,ForestWetRich
7526457,Syringa vulgaris,ForestWetRich
7526458,Syringa vulgaris,ForestWetRich
7526459,Syringa vulgaris,ForestWetRich
7526460,Syringa vulgaris,ForestWetRich
7526501,Syringa vulgaris,ForestWetRich
7526502,Syringa vulgaris,ForestWetRich
7526503,Syringa vulgaris,ForestWetRich
7526504,Syringa vulgaris,ForestWetRich
7526505,Syringa vulgaris,ForestWetRich
7526506,Syringa vulgaris,ForestWetRich
7526507,Syringa vulgaris,ForestWetRich
7526508,Syringa vulgaris,ForestWetRich
7526509,Syringa vulgaris,ForestWetRich
7526510,Syringa vulgaris,ForestWetRich
7526511,Syringa vulgaris,ForestWetRich
7526512,Syringa vulgaris,ForestWetRich
7526513,Syringa vulgaris,ForestWetRich
7526514,Syringa vulgaris,ForestWetRich
7526515,Syringa vulgaris,ForestWetRich
7526516,Syringa vulgaris,ForestWetRich
7526517,Syringa vulgaris,ForestWetRich
7526518,Syringa vulgaris,ForestWetRich
7526519,Syringa vulgaris,ForestWetRich
7526520,Syringa vulgaris,ForestWetRich
7526541,Syringa vulgaris,ForestWetRich
7526542,Syringa vulgaris,ForestWetRich
7526543,Syringa vulgaris,ForestWetRich
7526544,Syringa vulgaris,ForestWetRich
7526545,Syringa vulgaris,ForestWetRich
7526546,Syringa vulgaris,ForestWetRich
7526547,Syringa vulgaris,ForestWetRich
7526548,Syringa vulgaris,ForestWetRich
7526549,Syringa vulgaris,ForestWetRich
7526550,Syringa vulgaris,ForestWetRich
7526551,Syringa vulgaris,ForestWetRich
7526552,Syringa vulgaris,ForestWetRich
7526553,Syringa vulgaris,ForestWetRich
7526554,Syringa vulgaris,ForestWetRich
7526555,Syringa vulgaris,ForestWetRich
7526556,Syringa vulgaris,ForestWetRich
7529157,Syringa vulgaris,ForestWetRich
7529158,Syringa vulgaris,ForestWetRich
7529159,Syringa vulgaris,ForestWetRich
7529160,Syringa vulgaris,ForestWetRich
7529201,Syringa vulgaris,ForestWetRich
7529202,Syringa vulgaris,ForestWetRich
7529203,Syringa vulgaris,ForestWetRich
7529204,Syringa vulgaris,ForestWetRich
7529205,Syringa vulgaris,ForestWetRich
7529206,Syringa vulgaris,ForestWetRich
7529207,Syringa vulgaris,ForestWetRich
7529208,Syringa vulgaris,ForestWetRich
7529209,Syringa vulgaris,ForestWetRich
7529210,Syringa vulgaris,ForestWetRich
7529211,Syringa vulgaris,ForestWetRich
7529212,Syringa vulgaris,ForestWetRich
7529213,Syringa vulgaris,ForestWetRich
7529214,Syringa vulgaris,ForestWetRich
7529215,Syringa vulgaris,ForestWetRich
7529216,Syringa vulgaris,ForestWetRich
7529217,Syringa vulgaris,ForestWetRich
7529218,Syringa vulgaris,ForestWetRich
7529219,Syringa vulgaris,ForestWetRich
7529220,Syringa vulgaris,ForestWetRich
7529241,Syringa vulgaris,ForestWetRich
7529242,Syringa vulgaris,ForestWetRich
7529243,Syringa vulgaris,ForestWetRich
7529244,Syringa vulgaris,ForestWetRich
7529245,Syringa vulgaris,ForestWetRich
7529246,Syringa vulgaris,ForestWetRich
7529247,Syringa vulgaris,ForestWetRich
7529248,Syringa vulgaris,ForestWetRich
7529249,Syringa vulgaris,ForestWetRich
7529250,Syringa vulgaris,ForestWetRich
7529251,Syringa vulgaris,ForestWetRich
7529252,Syringa vulgaris,ForestWetRich
7529253,Syringa vulgaris,ForestWetRich
7529254,Syringa vulgaris,ForestWetRich
7529255,Syringa vulgaris,ForestWetRich
7529256,Syringa vulgaris,ForestWetRich
7531857,Syringa vulgaris,ForestWetRich
7531858,Syringa vulgaris,ForestWetRich
7531859,Syringa vulgaris,ForestWetRich
7531860,Syringa vulgaris,ForestWetRich
7531901,Syringa vulgaris,ForestWetRich
7531902,Syringa vulgaris,ForestWetRich
7531903,Syringa vulgaris,ForestWetRich
7531904,Syringa vulgaris,ForestWetRich
7531905,Syringa vulgaris,ForestWetRich
7531906,Syringa vulgaris,ForestWetRich
7531907,Syringa vulgaris,ForestWetRich
7531908,Syringa vulgaris,ForestWetRich
7531909,Syringa vulgaris,ForestWetRich
7531910,Syringa vulgaris,ForestWetRich
7531911,Syringa vulgaris,ForestWetRich
7531912,Syringa vulgaris,ForestWetRich
7531913,Syringa vulgaris,ForestWetRich
7531914,Syringa vulgaris,ForestWetRich
7531915,Syringa vulgaris,ForestWetRich
7531916,Syringa vulgaris,ForestWetRich
7531917,Syringa vulgaris,ForestWetRich
7531918,Syringa vulgaris,ForestWetRich
7531919,Syringa vulgaris,ForestWetRich
7531920,Syringa vulgaris,ForestWetRich
7531941,Syringa vulgaris,ForestWetRich
7531942,Syringa vulgaris,ForestWetRich
7531943,Syringa vulgaris,ForestWetRich
7531944,Syringa vulgaris,ForestWetRich
7531945,Syringa vulgaris,ForestWetRich
7531946,Syringa vulgaris,ForestWetRich
7531947,Syringa vulgaris,ForestWetRich
7531948,Syringa vulgaris,ForestWetRich
7531949,Syringa vulgaris,ForestWetRich
7531950,Syringa vulgaris,ForestWetRich
7531951,Syringa vulgaris,ForestWetRich
7531952,Syringa vulgaris,ForestWetRich
7531953,Syringa vulgaris,ForestWetRich
7531954,Syringa vulgaris,ForestWetRich
7531955,Syringa vulgaris,ForestWetRich
7534557,Syringa vulgaris,ForestWetRich
7534558,Syringa vulgaris,ForestWetRich
7534559,Syringa vulgaris,ForestWetRich
7534560,Syringa vulgaris,ForestWetRich
7534601,Syringa vulgaris,ForestWetRich
7534602,Syringa vulgaris,ForestWetRich
7534603,Syringa vulgaris,ForestWetRich
7534604,Syringa vulgaris,ForestWetRich
7534605,Syringa vulgaris,ForestWetRich
7534606,Syringa vulgaris,ForestWetRich
7534607,Syringa vulgaris,ForestWetRich
7534608,Syringa vulgaris,ForestWetRich
7534609,Syringa vulgaris,ForestWetRich
7534610,Syringa vulgaris,ForestWetRich
7534611,Syringa vulgaris,ForestWetRich
7534612,Syringa vulgaris,ForestWetRich
7534613,Syringa vulgaris,ForestWetRich
7534614,Syringa vulgaris,ForestWetRich
7534615,Syringa vulgaris,ForestWetRich
7534616,Syringa vulgaris,ForestWetRich
7534617,Syringa vulgaris,ForestWetRich
7534618,Syringa vulgaris,ForestWetRich
7534619,Syringa vulgaris,ForestWetRich
7534620,Syringa vulgaris,ForestWetRich
7534641,Syringa vulgaris,ForestWetRich
7534642,Syringa vulgaris,ForestWetRich
7534643,Syringa vulgaris,ForestWetRich
7534644,Syringa vulgaris,ForestWetRich
7534645,Syringa vulgaris,ForestWetRich
7534646,Syringa vulgaris,ForestWetRich
7534647,Syringa vulgaris,ForestWetRich
7534648,Syringa vulgaris,ForestWetRich
7534649,Syringa vulgaris,ForestWetRich
7534650,Syringa vulgaris,ForestWetRich
7534651,Syringa vulgaris,ForestWetRich
7534652,Syringa vulgaris,ForestWetRich
7534653,Syringa vulgaris,ForestWetRich
7534654,Syringa vulgaris,ForestWetRich
7534655,Syringa vulgaris,ForestWetRich
7537257,Syringa vulgaris,ForestWetRich
7537258,Syringa vulgaris,ForestWetRich
7537259,Syringa vulgaris,ForestWetRich
7537260,Syringa vulgaris,ForestWetRich
7537301,Syringa vulgaris,ForestWetRich
7537302,Syringa vulgaris,ForestWetRich
7537303,Syringa vulgaris,ForestWetRich
7537304,Syringa vulgaris,ForestWetRich
7537305,Syringa vulgaris,ForestWetRich
7537306,Syringa vulgaris,ForestWetRich
7537307,Syringa vulgaris,ForestWetRich
7537308,Syringa vulgaris,ForestWetRich
7537309,Syringa vulgaris,ForestWetRich
7537310,Syringa vulgaris,ForestWetRich
7537311,Syringa vulgaris,ForestWetRich
7537312,Syringa vulgaris,ForestWetRich
7537313,Syringa vulgaris,ForestWetRich
7537314,Syringa vulgaris,ForestWetRich
7537315,Syringa vulgaris,ForestWetRich
7537316,Syringa vulgaris,ForestWetRich
7537317,Syringa vulgaris,ForestWetRich
7537318,Syringa vulgaris,ForestWetRich
7537319,Syringa vulgaris,ForestWetRich
7537320,Syringa vulgaris,ForestWetRich
7537341,Syringa vulgaris,ForestWetRich
7537342,Syringa vulgaris,ForestWetRich
7537343,Syringa vulgaris,ForestWetRich
7537344,Syringa vulgaris,ForestWetRich
7537345,Syringa vulgaris,ForestWetRich
7537346,Syringa vulgaris,ForestWetRich
7537347,Syringa vulgaris,ForestWetRich
7537348,Syringa vulgaris,ForestWetRich
7537349,Syringa vulgaris,ForestWetRich
7537350,Syringa vulgaris,ForestWetRich
7537351,Syringa vulgaris,ForestWetRich
7537352,Syringa vulgaris,ForestWetRich
7537353,Syringa vulgaris,ForestWetRich
7537354,Syringa vulgaris,ForestWetRich
7537355,Syringa vulgaris,ForestWetRich
7539957,Syringa vulgaris,ForestWetRich
7539958,Syringa vulgaris,ForestWetRich
7539959,Syringa vulgaris,ForestWetRich
7539960,Syringa vulgaris,ForestWetRich
7540001,Syringa vulgaris,ForestWetRich
7540002,Syringa vulgaris,ForestWetRich
7540003,Syringa vulgaris,ForestWetRich
7540004,Syringa vulgaris,ForestWetRich
7540005,Syringa vulgaris,ForestWetRich
7540006,Syringa vulgaris,ForestWetRich
7540007,Syringa vulgaris,ForestWetRich
7540008,Syringa vulgaris,ForestWetRich
7540009,Syringa vulgaris,ForestWetRich
7540010,Syringa vulgaris,ForestWetRich
7540011,Syringa vulgaris,ForestWetRich
7540012,Syringa vulgaris,ForestWetRich
7540013,Syringa vulgaris,ForestWetRich
7540014,Syringa vulgaris,ForestWetRich
7540015,Syringa vulgaris,ForestWetRich
7540016,Syringa vulgaris,ForestWetRich
7540017,Syringa vulgaris,ForestWetRich
7540018,Syringa vulgaris,ForestWetRich
7540019,Syringa vulgaris,ForestWetRich
7540020,Syringa vulgaris,ForestWetRich
7540041,Syringa vulgaris,ForestWetRich
7540042,Syringa vulgaris,ForestWetRich
7540043,Syringa vulgaris,ForestWetRich
7540044,Syringa vulgaris,ForestWetRich
7540045,Syringa vulgaris,ForestWetRich
7540046,Syringa vulgaris,ForestWetRich
7540047,Syringa vulgaris,ForestWetRich
7540048,Syringa vulgaris,ForestWetRich
7540049,Syringa vulgaris,ForestWetRich
7540050,Syringa vulgaris,ForestWetRich
7540051,Syringa vulgaris,ForestWetRich
7540052,Syringa vulgaris,ForestWetRich
7540053,Syringa vulgaris,ForestWetRich
7540054,Syringa vulgaris,ForestWetRich
7540055,Syringa vulgaris,ForestWetRich
7542657,Syringa vulgaris,ForestWetRich
7542658,Syringa vulgaris,ForestWetRich
7542659,Syringa vulgaris,ForestWetRich
7542660,Syringa vulgaris,ForestWetRich
7542701,Syringa vulgaris,ForestWetRich
7542702,Syringa vulgaris,ForestWetRich
7542703,Syringa vulgaris,ForestWetRich
7542704,Syringa vulgaris,ForestWetRich
7542705,Syringa vulgaris,ForestWetRich
7542706,Syringa vulgaris,ForestWetRich
7542707,Syringa vulgaris,ForestWetRich
7542708,Syringa vulgaris,ForestWetRich
7542709,Syringa vulgaris,ForestWetRich
7542710,Syringa vulgaris,ForestWetRich
7542711,Syringa vulgaris,ForestWetRich
7542712,Syringa vulgaris,ForestWetRich
7542713,Syringa vulgaris,ForestWetRich
7542714,Syringa vulgaris,ForestWetRich
7542715,Syringa vulgaris,ForestWetRich
7542716,Syringa vulgaris,ForestWetRich
7542717,Syringa vulgaris,ForestWetRich
7542718,Syringa vulgaris,ForestWetRich
7542719,Syringa vulgaris,ForestWetRich
7542720,Syringa vulgaris,ForestWetRich
7542741,Syringa vulgaris,ForestWetRich
7542742,Syringa vulgaris,ForestWetRich
7542743,Syringa vulgaris,ForestWetRich
7542744,Syringa vulgaris,ForestWetRich
7542745,Syringa vulgaris,ForestWetRich
7542746,Syringa vulgaris,ForestWetRich
7542747,Syringa vulgaris,ForestWetRich
7542748,Syringa vulgaris,ForestWetRich
7542749,Syringa vulgaris,ForestWetRich
7542750,Syringa vulgaris,ForestWetRich
7542751,Syringa vulgaris,ForestWetRich
7542752,Syringa vulgaris,ForestWetRich
7542753,Syringa vulgaris,ForestWetRich
7542754,Syringa vulgaris,ForestWetRich
7542755,Syringa vulgaris,ForestWetRich
7545357,Syringa vulgaris,ForestWetRich
7545358,Syringa vulgaris,ForestWetRich
7545359,Syringa vulgaris,ForestWetRich
7545360,Syringa vulgaris,ForestWetRich
7545401,Syringa vulgaris,ForestWetRich
7545402,Syringa vulgaris,ForestWetRich
7545403,Syringa vulgaris,ForestWetRich
7545404,Syringa vulgaris,ForestWetRich
7545405,Syringa vulgaris,ForestWetRich
7545406,Syringa vulgaris,ForestWetRich
7545407,Syringa vulgaris,ForestWetRich
7545408,Syringa vulgaris,ForestWetRich
7545409,Syringa vulgaris,ForestWetRich
7545410,Syringa vulgaris,ForestWetRich
7545411,Syringa vulgaris,ForestWetRich
7545412,Syringa vulgaris,ForestWetRich
7545413,Syringa vulgaris,ForestWetRich
7545414,Syringa vulgaris,ForestWetRich
7545415,Syringa vulgaris,ForestWetRich
7545416,Syringa vulgaris,ForestWetRich
7545417,Syringa vulgaris,ForestWetRich
7545418,Syringa vulgaris,ForestWetRich
7545419,Syringa vulgaris,ForestWetRich
7545420,Syringa vulgaris,ForestWetRich
7545441,Syringa vulgaris,ForestWetRich
7545442,Syringa vulgaris,ForestWetRich
7545443,Syringa vulgaris,ForestWetRich
7545444,Syringa vulgaris,ForestWetRich
7545445,Syringa vulgaris,ForestWetRich
7545446,Syringa vulgaris,ForestWetRich
7545447,Syringa vulgaris,ForestWetRich
7545448,Syringa vulgaris,ForestWetRich
7545449,Syringa vulgaris,ForestWetRich
7545450,Syringa vulgaris,ForestWetRich
7545451,Syringa vulgaris,ForestWetRich
7545452,Syringa vulgaris,ForestWetRich
7545453,Syringa vulgaris,ForestWetRich
7545454,Syringa vulgaris,ForestWetRich
7545455,Syringa vulgaris,ForestWetRich
7548057,Syringa vulgaris,ForestWetRich
7548058,Syringa vulgaris,ForestWetRich
7548059,Syringa vulgaris,ForestWetRich
7548060,Syringa vulgaris,ForestWetRich
7548101,Syringa vulgaris,ForestWetRich
7548102,Syringa vulgaris,ForestWetRich
7548103,Syringa vulgaris,ForestWetRich
7548104,Syringa vulgaris,ForestWetRich
7548105,Syringa vulgaris,ForestWetRich
7548106,Syringa vulgaris,ForestWetRich
7548107,Syringa vulgaris,ForestWetRich
7548108,Syringa vulgaris,ForestWetRich
7548109,Syringa vulgaris,ForestWetRich
7548110,Syringa vulgaris,ForestWetRich
7548111,Syringa vulgaris,ForestWetRich
7548112,Syringa vulgaris,ForestWetRich
7548113,Syringa vulgaris,ForestWetRich
7548114,Syringa vulgaris,ForestWetRich
7548115,Syringa vulgaris,ForestWetRich
7548116,Syringa vulgaris,ForestWetRich
7548117,Syringa vulgaris,ForestWetRich
7548118,Syringa vulgaris,ForestWetRich
7548119,Syringa vulgaris,ForestWetRich
7548120,Syringa vulgaris,ForestWetRich
7548141,Syringa vulgaris,ForestWetRich
7548142,Syringa vulgaris,ForestWetRich
7548143,Syringa vulgaris,ForestWetRich
7548144,Syringa vulgaris,ForestWetRich
7548145,Syringa vulgaris,ForestWetRich
7548146,Syringa vulgaris,ForestWetRich
7548147,Syringa vulgaris,ForestWetRich
7548148,Syringa vulgaris,ForestWetRich
7548149,Syringa vulgaris,ForestWetRich
7548150,Syringa vulgaris,ForestWetRich
7548151,Syringa vulgaris,ForestWetRich
7548152,Syringa vulgaris,ForestWetRich
7548153,Syringa vulgaris,ForestWetRich
7548154,Syringa vulgaris,ForestWetRich
7548155,Syringa vulgaris,ForestWetRich
7550758,Syringa vulgaris,ForestWetRich
7550759,Syringa vulgaris,ForestWetRich
7550760,Syringa vulgaris,ForestWetRich
7550801,Syringa vulgaris,ForestWetRich
7550802,Syringa vulgaris,ForestWetRich
7550803,Syringa vulgaris,ForestWetRich
7550804,Syringa vulgaris,ForestWetRich
7550805,Syringa vulgaris,ForestWetRich
7550806,Syringa vulgaris,ForestWetRich
7550807,Syringa vulgaris,ForestWetRich
7550808,Syringa vulgaris,ForestWetRich
7550809,Syringa vulgaris,ForestWetRich
7550810,Syringa vulgaris,ForestWetRich
7550811,Syringa vulgaris,ForestWetRich
7550812,Syringa vulgaris,ForestWetRich
7550813,Syringa vulgaris,ForestWetRich
7550814,Syringa vulgaris,ForestWetRich
7550815,Syringa vulgaris,ForestWetRich
7550816,Syringa vulgaris,ForestWetRich
7550817,Syringa vulgaris,ForestWetRich
7550818,Syringa vulgaris,ForestWetRich
7550819,Syringa vulgaris,ForestWetRich
7550820,Syringa vulgaris,ForestWetRich
7550841,Syringa vulgaris,ForestWetRich
7550842,Syringa vulgaris,ForestWetRich
7550843,Syringa vulgaris,ForestWetRich
7550844,Syringa vulgaris,ForestWetRich
7550845,Syringa vulgaris,ForestWetRich
7550846,Syringa vulgaris,ForestWetRich
7550847,Syringa vulgaris,ForestWetRich
7550848,Syringa vulgaris,ForestWetRich
7550849,Syringa vulgaris,ForestWetRich
7550850,Syringa vulgaris,ForestWetRich
7550851,Syringa vulgaris,ForestWetRich
7550852,Syringa vulgaris,ForestWetRich
7550853,Syringa vulgaris,ForestWetRich
7550854,Syringa vulgaris,ForestWetRich
7550855,Syringa vulgaris,ForestWetRich
7553458,Syringa vulgaris,ForestWetRich
7553459,Syringa vulgaris,ForestWetRich
7553460,Syringa vulgaris,ForestWetRich
7553501,Syringa vulgaris,ForestWetRich
7553502,Syringa vulgaris,ForestWetRich
7553503,Syringa vulgaris,ForestWetRich
7553504,Syringa vulgaris,ForestWetRich
7553505,Syringa vulgaris,ForestWetRich
7553506,Syringa vulgaris,ForestWetRich
7553507,Syringa vulgaris,ForestWetRich
7553508,Syringa vulgaris,ForestWetRich
7553509,Syringa vulgaris,ForestWetRich
7553510,Syringa vulgaris,ForestWetRich
7553511,Syringa vulgaris,ForestWetRich
7553512,Syringa vulgaris,ForestWetRich
7553513,Syringa vulgaris,ForestWetRich
7553514,Syringa vulgaris,ForestWetRich
7553515,Syringa vulgaris,ForestWetRich
7553516,Syringa vulgaris,ForestWetRich
7553517,Syringa vulgaris,ForestWetRich
7553518,Syringa vulgaris,ForestWetRich
7553519,Syringa vulgaris,ForestWetRich
7553520,Syringa vulgaris,ForestWetRich
7553541,Syringa vulgaris,ForestWetRich
7553542,Syringa vulgaris,ForestWetRich
7553543,Syringa vulgaris,ForestWetRich
7553544,Syringa vulgaris,ForestWetRich
7553545,Syringa vulgaris,ForestWetRich
7553546,Syringa vulgaris,ForestWetRich
7553547,Syringa vulgaris,ForestWetRich
7553548,Syringa vulgaris,ForestWetRich
7553549,Syringa vulgaris,ForestWetRich
7553550,Syringa vulgaris,ForestWetRich
7553551,Syringa vulgaris,ForestWetRich
7553552,Syringa vulgaris,ForestWetRich
7553553,Syringa vulgaris,ForestWetRich
7553554,Syringa vulgaris,ForestWetRich
7556158,Syringa vulgaris,ForestWetRich
7556159,Syringa vulgaris,ForestWetRich
7556160,Syringa vulgaris,ForestWetRich
7556201,Syringa vulgaris,ForestWetRich
7556202,Syringa vulgaris,ForestWetRich
7556203,Syringa vulgaris,ForestWetRich
7556204,Syringa vulgaris,ForestWetRich
7556205,Syringa vulgaris,ForestWetRich
7556206,Syringa vulgaris,ForestWetRich
7556207,Syringa vulgaris,ForestWetRich
7556208,Syringa vulgaris,ForestWetRich
7556209,Syringa vulgaris,ForestWetRich
7556210,Syringa vulgaris,ForestWetRich
7556211,Syringa vulgaris,ForestWetRich
7556212,Syringa vulgaris,ForestWetRich
7556213,Syringa vulgaris,ForestWetRich
7556214,Syringa vulgaris,ForestWetRich
7556215,Syringa vulgaris,ForestWetRich
7556216,Syringa vulgaris,ForestWetRich
7556217,Syringa vulgaris,ForestWetRich
7556218,Syringa vulgaris,ForestWetRich
7556219,Syringa vulgaris,ForestWetRich
7556220,Syringa vulgaris,ForestWetRich
7556241,Syringa vulgaris,ForestWetRich
7556242,Syringa vulgaris,ForestWetRich
7556243,Syringa vulgaris,ForestWetRich
7556244,Syringa vulgaris,ForestWetRich
7556245,Syringa vulgaris,ForestWetRich
7556246,Syringa vulgaris,ForestWetRich
7556247,Syringa vulgaris,ForestWetRich
7556248,Syringa vulgaris,ForestWetRich
7556249,Syringa vulgaris,ForestWetRich
7556250,Syringa vulgaris,ForestWetRich
7556251,Syringa vulgaris,ForestWetRich
7556252,Syringa vulgaris,ForestWetRich
7556253,Syringa vulgaris,ForestWetRich
7556254,Syringa vulgaris,ForestWetRich
7558858,Syringa vulgaris,ForestWetRich
7558859,Syringa vulgaris,ForestWetRich
7558860,Syringa vulgaris,ForestWetRich
7558901,Syringa vulgaris,ForestWetRich
7558902,Syringa vulgaris,ForestWetRich
7558903,Syringa vulgaris,ForestWetRich
7558904,Syringa vulgaris,ForestWetRich
7558905,Syringa vulgaris,ForestWetRich
7558906,Syringa vulgaris,ForestWetRich
7558907,Syringa vulgaris,ForestWetRich
7558908,Syringa vulgaris,ForestWetRich
7558909,Syringa vulgaris,ForestWetRich
7558910,Syringa vulgaris,ForestWetRich
7558911,Syringa vulgaris,ForestWetRich
7558912,Syringa vulgaris,ForestWetRich
7558913,Syringa vulgaris,ForestWetRich
7558914,Syringa vulgaris,ForestWetRich
7558915,Syringa vulgaris,ForestWetRich
7558916,Syringa vulgaris,ForestWetRich
7558917,Syringa vulgaris,ForestWetRich
7558918,Syringa vulgaris,ForestWetRich
7558919,Syringa vulgaris,ForestWetRich
7558920,Syringa vulgaris,ForestWetRich
7558941,Syringa vulgaris,ForestWetRich
7558942,Syringa vulgaris,ForestWetRich
7558943,Syringa vulgaris,ForestWetRich
7558944,Syringa vulgaris,ForestWetRich
7558945,Syringa vulgaris,ForestWetRich
7558946,Syringa vulgaris,ForestWetRich
7558947,Syringa vulgaris,ForestWetRich
7558948,Syringa vulgaris,ForestWetRich
7558949,Syringa vulgaris,ForestWetRich
7558950,Syringa vulgaris,ForestWetRich
7558951,Syringa vulgaris,ForestWetRich
7558952,Syringa vulgaris,ForestWetRich
7558953,Syringa vulgaris,ForestWetRich
7558954,Syringa vulgaris,ForestWetRich
7561581,Syringa vulgaris,ForestWetRich
7561582,Syringa vulgaris,ForestWetRich
7561583,Syringa vulgaris,ForestWetRich
7561584,Syringa vulgaris,ForestWetRich
7561585,Syringa vulgaris,ForestWetRich
7561586,Syringa vulgaris,ForestWetRich
7561587,Syringa vulgaris,ForestWetRich
7561588,Syringa vulgaris,ForestWetRich
7561589,Syringa vulgaris,ForestWetRich
7561590,Syringa vulgaris,ForestWetRich
7561591,Syringa vulgaris,ForestWetRich
7561592,Syringa vulgaris,ForestWetRich
7561593,Syringa vulgaris,ForestWetRich
7561594,Syringa vulgaris,ForestWetRich
7561595,Syringa vulgaris,ForestWetRich
7561596,Syringa vulgaris,ForestWetRich
7561597,Syringa vulgaris,ForestWetRich
7561598,Syringa vulgaris,ForestWetRich
7561599,Syringa vulgaris,ForestWetRich
7561600,Syringa vulgaris,ForestWetRich
7561641,Syringa vulgaris,ForestWetRich
7561642,Syringa vulgaris,ForestWetRich
7561643,Syringa vulgaris,ForestWetRich
7561644,Syringa vulgaris,ForestWetRich
7561645,Syringa vulgaris,ForestWetRich
7561646,Syringa vulgaris,ForestWetRich
7561647,Syringa vulgaris,ForestWetRich
7561648,Syringa vulgaris,ForestWetRich
7561649,Syringa vulgaris,ForestWetRich
7561650,Syringa vulgaris,ForestWetRich
7561651,Syringa vulgaris,ForestWetRich
7561652,Syringa vulgaris,ForestWetRich
7561653,Syringa vulgaris,ForestWetRich
7561654,Syringa vulgaris,ForestWetRich
7564281,Syringa vulgaris,ForestWetRich
7564282,Syringa vulgaris,ForestWetRich
7564283,Syringa vulgaris,ForestWetRich
7564284,Syringa vulgaris,ForestWetRich
7564285,Syringa vulgaris,ForestWetRich
7564286,Syringa vulgaris,ForestWetRich
7564287,Syringa vulgaris,ForestWetRich
7564288,Syringa vulgaris,ForestWetRich
7564289,Syringa vulgaris,ForestWetRich
7564290,Syringa vulgaris,ForestWetRich
7564291,Syringa vulgaris,ForestWetRich
7564292,Syringa vulgaris,ForestWetRich
7564293,Syringa vulgaris,ForestWetRich
7564294,Syringa vulgaris,ForestWetRich
7564295,Syringa vulgaris,ForestWetRich
7564296,Syringa vulgaris,ForestWetRich
7564297,Syringa vulgaris,ForestWetRich
7564298,Syringa vulgaris,ForestWetRich
7564299,Syringa vulgaris,ForestWetRich
7564300,Syringa vulgaris,ForestWetRich
7564341,Syringa vulgaris,ForestWetRich
7564342,Syringa vulgaris,ForestWetRich
7564343,Syringa vulgaris,ForestWetRich
7564344,Syringa vulgaris,ForestWetRich
7564345,Syringa vulgaris,ForestWetRich
7564346,Syringa vulgaris,ForestWetRich
7564347,Syringa vulgaris,ForestWetRich
7564348,Syringa vulgaris,ForestWetRich
7564349,Syringa vulgaris,ForestWetRich
7564350,Syringa vulgaris,ForestWetRich
7564351,Syringa vulgaris,ForestWetRich
7564352,Syringa vulgaris,ForestWetRich
7564353,Syringa vulgaris,ForestWetRich
7566981,Syringa vulgaris,ForestWetRich
7566982,Syringa vulgaris,ForestWetRich
7566983,Syringa vulgaris,ForestWetRich
7566984,Syringa vulgaris,ForestWetRich
7566985,Syringa vulgaris,ForestWetRich
7566986,Syringa vulgaris,ForestWetRich
7566987,Syringa vulgaris,ForestWetRich
7566988,Syringa vulgaris,ForestWetRich
7566989,Syringa vulgaris,ForestWetRich
7566990,Syringa vulgaris,ForestWetRich
7566991,Syringa vulgaris,ForestWetRich
7566992,Syringa vulgaris,ForestWetRich
7566993,Syringa vulgaris,ForestWetRich
7566994,Syringa vulgaris,ForestWetRich
7566995,Syringa vulgaris,ForestWetRich
7566996,Syringa vulgaris,ForestWetRich
7566997,Syringa vulgaris,ForestWetRich
7566998,Syringa vulgaris,ForestWetRich
7566999,Syringa vulgaris,ForestWetRich
7567000,Syringa vulgaris,ForestWetRich
7567041,Syringa vulgaris,ForestWetRich
7567042,Syringa vulgaris,ForestWetRich
7567043,Syringa vulgaris,ForestWetRich
7567044,Syringa vulgaris,ForestWetRich
7567045,Syringa vulgaris,ForestWetRich
7567046,Syringa vulgaris,ForestWetRich
7567047,Syringa vulgaris,ForestWetRich
7567048,Syringa vulgaris,ForestWetRich
7567049,Syringa vulgaris,ForestWetRich
7567050,Syringa vulgaris,ForestWetRich
7567051,Syringa vulgaris,ForestWetRich
7567052,Syringa vulgaris,ForestWetRich
7567053,Syringa vulgaris,ForestWetRich
7569681,Syringa vulgaris,ForestWetRich
7569682,Syringa vulgaris,ForestWetRich
7569683,Syringa vulgaris,ForestWetRich
7569684,Syringa vulgaris,ForestWetRich
7569685,Syringa vulgaris,ForestWetRich
7569686,Syringa vulgaris,ForestWetRich
7569687,Syringa vulgaris,ForestWetRich
7569688,Syringa vulgaris,ForestWetRich
7569689,Syringa vulgaris,ForestWetRich
7569690,Syringa vulgaris,ForestWetRich
7569691,Syringa vulgaris,ForestWetRich
7569692,Syringa vulgaris,ForestWetRich
7569693,Syringa vulgaris,ForestWetRich
7569694,Syringa vulgaris,ForestWetRich
7569695,Syringa vulgaris,ForestWetRich
7569696,Syringa vulgaris,ForestWetRich
7569697,Syringa vulgaris,ForestWetRich
7569698,Syringa vulgaris,ForestWetRich
7569699,Syringa vulgaris,ForestWetRich
7569700,Syringa vulgaris,ForestWetRich
7569741,Syringa vulgaris,ForestWetRich
7569742,Syringa vulgaris,ForestWetRich
7569743,Syringa vulgaris,ForestWetRich
7569744,Syringa vulgaris,ForestWetRich
7569745,Syringa vulgaris,ForestWetRich
7569746,Syringa vulgaris,ForestWetRich
7569747,Syringa vulgaris,ForestWetRich
7569748,Syringa vulgaris,ForestWetRich
7569749,Syringa vulgaris,ForestWetRich
7569750,Syringa vulgaris,ForestWetRich
7569751,Syringa vulgaris,ForestWetRich
7569752,Syringa vulgaris,ForestWetRich
7569753,Syringa vulgaris,ForestWetRich
7572381,Syringa vulgaris,ForestWetRich
7572382,Syringa vulgaris,ForestWetRich
7572383,Syringa vulgaris,ForestWetRich
7572384,Syringa vulgaris,ForestWetRich
7572385,Syringa vulgaris,ForestWetRich
7572386,Syringa vulgaris,ForestWetRich
7572387,Syringa vulgaris,ForestWetRich
7572388,Syringa vulgaris,ForestWetRich
7572389,Syringa vulgaris,ForestWetRich
7572390,Syringa vulgaris,ForestWetRich
7572391,Syringa vulgaris,ForestWetRich
7572392,Syringa vulgaris,ForestWetRich
7572393,Syringa vulgaris,ForestWetRich
7572394,Syringa vulgaris,ForestWetRich
7572395,Syringa vulgaris,ForestWetRich
7572396,Syringa vulgaris,ForestWetRich
7572397,Syringa vulgaris,ForestWetRich
7572398,Syringa vulgaris,ForestWetRich
7572399,Syringa vulgaris,ForestWetRich
7572400,Syringa vulgaris,ForestWetRich
7572441,Syringa vulgaris,ForestWetRich
7572442,Syringa vulgaris,ForestWetRich
7572443,Syringa vulgaris,ForestWetRich
7572444,Syringa vulgaris,ForestWetRich
7572445,Syringa vulgaris,ForestWetRich
7572446,Syringa vulgaris,ForestWetRich
7572447,Syringa vulgaris,ForestWetRich
7572448,Syringa vulgaris,ForestWetRich
7572449,Syringa vulgaris,ForestWetRich
7572450,Syringa vulgaris,ForestWetRich
7572451,Syringa vulgaris,ForestWetRich
7572452,Syringa vulgaris,ForestWetRich
7575081,Syringa vulgaris,ForestWetRich
7575082,Syringa vulgaris,ForestWetRich
7575083,Syringa vulgaris,ForestWetRich
7575084,Syringa vulgaris,ForestWetRich
7575085,Syringa vulgaris,ForestWetRich
7575086,Syringa vulgaris,ForestWetRich
7575087,Syringa vulgaris,ForestWetRich
7575088,Syringa vulgaris,ForestWetRich
7575089,Syringa vulgaris,ForestWetRich
7575090,Syringa vulgaris,ForestWetRich
7575091,Syringa vulgaris,ForestWetRich
7575092,Syringa vulgaris,ForestWetRich
7575093,Syringa vulgaris,ForestWetRich
7575094,Syringa vulgaris,ForestWetRich
7575095,Syringa vulgaris,ForestWetRich
7575096,Syringa vulgaris,ForestWetRich
7575097,Syringa vulgaris,ForestWetRich
7575098,Syringa vulgaris,ForestWetRich
7575099,Syringa vulgaris,ForestWetRich
7575100,Syringa vulgaris,ForestWetRich
7575141,Syringa vulgaris,ForestWetRich
7575142,Syringa vulgaris,ForestWetRich
7575143,Syringa vulgaris,ForestWetRich
7575144,Syringa vulgaris,ForestWetRich
7575145,Syringa vulgaris,ForestWetRich
7575146,Syringa vulgaris,ForestWetRich
7575147,Syringa vulgaris,ForestWetRich
7575148,Syringa vulgaris,ForestWetRich
7575149,Syringa vulgaris,ForestWetRich
7575150,Syringa vulgaris,ForestWetRich
7575151,Syringa vulgaris,ForestWetRich
7575152,Syringa vulgaris,ForestWetRich
7577781,Syringa vulgaris,ForestWetRich
7577782,Syringa vulgaris,ForestWetRich
7577783,Syringa vulgaris,ForestWetRich
7577784,Syringa vulgaris,ForestWetRich
7577785,Syringa vulgaris,ForestWetRich
7577786,Syringa vulgaris,ForestWetRich
7577787,Syringa vulgaris,ForestWetRich
7577788,Syringa vulgaris,ForestWetRich
7577789,Syringa vulgaris,ForestWetRich
7577790,Syringa vulgaris,ForestWetRich
7577791,Syringa vulgaris,ForestWetRich
7577792,Syringa vulgaris,ForestWetRich
7577793,Syringa vulgaris,ForestWetRich
7577794,Syringa vulgaris,ForestWetRich
7577795,Syringa vulgaris,ForestWetRich
7577796,Syringa vulgaris,ForestWetRich
7577797,Syringa vulgaris,ForestWetRich
7577798,Syringa vulgaris,ForestWetRich
7577799,Syringa vulgaris,ForestWetRich
7577800,Syringa vulgaris,ForestWetRich
7577841,Syringa vulgaris,ForestWetRich
7577842,Syringa vulgaris,ForestWetRich
7577843,Syringa vulgaris,ForestWetRich
7577844,Syringa vulgaris,ForestWetRich
7577845,Syringa vulgaris,ForestWetRich
7577846,Syringa vulgaris,ForestWetRich
7577847,Syringa vulgaris,ForestWetRich
7577848,Syringa vulgaris,ForestWetRich
7577849,Syringa vulgaris,ForestWetRich
7577850,Syringa vulgaris,ForestWetRich
7577851,Syringa vulgaris,ForestWetRich
7580481,Syringa vulgaris,ForestWetRich
7580482,Syringa vulgaris,ForestWetRich
7580483,Syringa vulgaris,ForestWetRich
7580484,Syringa vulgaris,ForestWetRich
7580485,Syringa vulgaris,ForestWetRich
7580486,Syringa vulgaris,ForestWetRich
7580487,Syringa vulgaris,ForestWetRich
7580488,Syringa vulgaris,ForestWetRich
7580489,Syringa vulgaris,ForestWetRich
7580490,Syringa vulgaris,ForestWetRich
7580491,Syringa vulgaris,ForestWetRich
7580492,Syringa vulgaris,ForestWetRich
7580493,Syringa vulgaris,ForestWetRich
7580494,Syringa vulgaris,ForestWetRich
7580495,Syringa vulgaris,ForestWetRich
7580496,Syringa vulgaris,ForestWetRich
7580497,Syringa vulgaris,ForestWetRich
7580498,Syringa vulgaris,ForestWetRich
7580499,Syringa vulgaris,ForestWetRich
7580500,Syringa vulgaris,ForestWetRich
7580541,Syringa vulgaris,ForestWetRich
7580542,Syringa vulgaris,ForestWetRich
7580543,Syringa vulgaris,ForestWetRich
7580544,Syringa vulgaris,ForestWetRich
7580545,Syringa vulgaris,ForestWetRich
7580546,Syringa vulgaris,ForestWetRich
7580547,Syringa vulgaris,ForestWetRich
7580548,Syringa vulgaris,ForestWetRich
7580549,Syringa vulgaris,ForestWetRich
7580550,Syringa vulgaris,ForestWetRich
7580551,Syringa vulgaris,ForestWetRich
7583181,Syringa vulgaris,ForestWetRich
7583182,Syringa vulgaris,ForestWetRich
7583183,Syringa vulgaris,ForestWetRich
7583184,Syringa vulgaris,ForestWetRich
7583185,Syringa vulgaris,ForestWetRich
7583186,Syringa vulgaris,ForestWetRich
7583187,Syringa vulgaris,ForestWetRich
7583188,Syringa vulgaris,ForestWetRich
7583189,Syringa vulgaris,ForestWetRich
7583190,Syringa vulgaris,ForestWetRich
7583191,Syringa vulgaris,ForestWetRich
7583192,Syringa vulgaris,ForestWetRich
7583193,Syringa vulgaris,ForestWetRich
7583194,Syringa vulgaris,ForestWetRich
7583195,Syringa vulgaris,ForestWetRich
7583196,Syringa vulgaris,ForestWetRich
7583197,Syringa vulgaris,ForestWetRich
7583198,Syringa vulgaris,ForestWetRich
7583199,Syringa vulgaris,ForestWetRich
7583200,Syringa vulgaris,ForestWetRich
7583241,Syringa vulgaris,ForestWetRich
7583242,Syringa vulgaris,ForestWetRich
7583243,Syringa vulgaris,ForestWetRich
7583244,Syringa vulgaris,ForestWetRich
7583245,Syringa vulgaris,ForestWetRich
7583246,Syringa vulgaris,ForestWetRich
7583247,Syringa vulgaris,ForestWetRich
7583248,Syringa vulgaris,ForestWetRich
7583249,Syringa vulgaris,ForestWetRich
7583250,Syringa vulgaris,ForestWetRich
7583251,Syringa vulgaris,ForestWetRich
7585881,Syringa vulgaris,ForestWetRich
7585882,Syringa vulgaris,ForestWetRich
7585883,Syringa vulgaris,ForestWetRich
7585884,Syringa vulgaris,ForestWetRich
7585885,Syringa vulgaris,ForestWetRich
7585886,Syringa vulgaris,ForestWetRich
7585887,Syringa vulgaris,ForestWetRich
7585888,Syringa vulgaris,ForestWetRich
7585889,Syringa vulgaris,ForestWetRich
7585890,Syringa vulgaris,ForestWetRich
7585891,Syringa vulgaris,ForestWetRich
7585892,Syringa vulgaris,ForestWetRich
7585893,Syringa vulgaris,ForestWetRich
7585894,Syringa vulgaris,ForestWetRich
7585895,Syringa vulgaris,ForestWetRich
7585896,Syringa vulgaris,ForestWetRich
7585897,Syringa vulgaris,ForestWetRich
7585898,Syringa vulgaris,ForestWetRich
7585899,Syringa vulgaris,ForestWetRich
7585900,Syringa vulgaris,ForestWetRich
7585941,Syringa vulgaris,ForestWetRich
7585942,Syringa vulgaris,ForestWetRich
7585943,Syringa vulgaris,ForestWetRich
7585944,Syringa vulgaris,ForestWetRich
7585945,Syringa vulgaris,ForestWetRich
7585946,Syringa vulgaris,ForestWetRich
7585947,Syringa vulgaris,ForestWetRich
7585948,Syringa vulgaris,ForestWetRich
7585949,Syringa vulgaris,ForestWetRich
7585950,Syringa vulgaris,ForestWetRich
7588581,Syringa vulgaris,ForestWetRich
7588582,Syringa vulgaris,ForestWetRich
7588583,Syringa vulgaris,ForestWetRich
7588584,Syringa vulgaris,ForestWetRich
7588585,Syringa vulgaris,ForestWetRich
7588586,Syringa vulgaris,ForestWetRich
7588587,Syringa vulgaris,ForestWetRich
7588588,Syringa vulgaris,ForestWetRich
7588589,Syringa vulgaris,ForestWetRich
7588590,Syringa vulgaris,ForestWetRich
7588591,Syringa vulgaris,ForestWetRich
7588592,Syringa vulgaris,ForestWetRich
7588593,Syringa vulgaris,ForestWetRich
7588594,Syringa vulgaris,ForestWetRich
7588595,Syringa vulgaris,ForestWetRich
7588596,Syringa vulgaris,ForestWetRich
7588597,Syringa vulgaris,ForestWetRich
7588598,Syringa vulgaris,ForestWetRich
7588599,Syringa vulgaris,ForestWetRich
7588600,Syringa vulgaris,ForestWetRich
7588641,Syringa vulgaris,ForestWetRich
7588642,Syringa vulgaris,ForestWetRich
7588643,Syringa vulgaris,ForestWetRich
7588644,Syringa vulgaris,ForestWetRich
7588645,Syringa vulgaris,ForestWetRich
7588646,Syringa vulgaris,ForestWetRich
7588647,Syringa vulgaris,ForestWetRich
7588648,Syringa vulgaris,ForestWetRich
7588649,Syringa vulgaris,ForestWetRich
7588650,Syringa vulgaris,ForestWetRich
7591281,Syringa vulgaris,ForestWetRich
7591282,Syringa vulgaris,ForestWetRich
7591283,Syringa vulgaris,ForestWetRich
7591284,Syringa vulgaris,ForestWetRich
7591285,Syringa vulgaris,ForestWetRich
7591286,Syringa vulgaris,ForestWetRich
7591287,Syringa vulgaris,ForestWetRich
7591288,Syringa vulgaris,ForestWetRich
7591289,Syringa vulgaris,ForestWetRich
7591290,Syringa vulgaris,ForestWetRich
7591291,Syringa vulgaris,ForestWetRich
7591292,Syringa vulgaris,ForestWetRich
7591293,Syringa vulgaris,ForestWetRich
7591294,Syringa vulgaris,ForestWetRich
7591295,Syringa vulgaris,ForestWetRich
7591296,Syringa vulgaris,ForestWetRich
7591297,Syringa vulgaris,ForestWetRich
7591298,Syringa vulgaris,ForestWetRich
7591299,Syringa vulgaris,ForestWetRich
7591300,Syringa vulgaris,ForestWetRich
7591341,Syringa vulgaris,ForestWetRich
7591342,Syringa vulgaris,ForestWetRich
7591343,Syringa vulgaris,ForestWetRich
7591344,Syringa vulgaris,ForestWetRich
7591345,Syringa vulgaris,ForestWetRich
7591346,Syringa vulgaris,ForestWetRich
7591347,Syringa vulgaris,ForestWetRich
7591348,Syringa vulgaris,ForestWetRich
7591349,Syringa vulgaris,ForestWetRich
7593981,Syringa vulgaris,ForestWetRich
7593982,Syringa vulgaris,ForestWetRich
7593983,Syringa vulgaris,ForestWetRich
7593984,Syringa vulgaris,ForestWetRich
7593985,Syringa vulgaris,ForestWetRich
7593986,Syringa vulgaris,ForestWetRich
7593987,Syringa vulgaris,ForestWetRich
7593988,Syringa vulgaris,ForestWetRich
7593989,Syringa vulgaris,ForestWetRich
7593990,Syringa vulgaris,ForestWetRich
7593991,Syringa vulgaris,ForestWetRich
7593992,Syringa vulgaris,ForestWetRich
7593993,Syringa vulgaris,ForestWetRich
7593994,Syringa vulgaris,ForestWetRich
7593995,Syringa vulgaris,ForestWetRich
7593996,Syringa vulgaris,ForestWetRich
7593997,Syringa vulgaris,ForestWetRich
7593998,Syringa vulgaris,ForestWetRich
7593999,Syringa vulgaris,ForestWetRich
7594000,Syringa vulgaris,ForestWetRich
7594041,Syringa vulgaris,ForestWetRich
7594042,Syringa vulgaris,ForestWetRich
7594043,Syringa vulgaris,ForestWetRich
7594044,Syringa vulgaris,ForestWetRich
7594045,Syringa vulgaris,ForestWetRich
7594046,Syringa vulgaris,ForestWetRich
7594047,Syringa vulgaris,ForestWetRich
7594048,Syringa vulgaris,ForestWetRich
7596681,Syringa vulgaris,ForestWetRich
7596682,Syringa vulgaris,ForestWetRich
7596683,Syringa vulgaris,ForestWetRich
7596684,Syringa vulgaris,ForestWetRich
7596685,Syringa vulgaris,ForestWetRich
7596686,Syringa vulgaris,ForestWetRich
7596687,Syringa vulgaris,ForestWetRich
7596688,Syringa vulgaris,ForestWetRich
7596689,Syringa vulgaris,ForestWetRich
7596690,Syringa vulgaris,ForestWetRich
7596691,Syringa vulgaris,ForestWetRich
7596692,Syringa vulgaris,ForestWetRich
7596693,Syringa vulgaris,ForestWetRich
7596694,Syringa vulgaris,ForestWetRich
7596695,Syringa vulgaris,ForestWetRich
7596696,Syringa vulgaris,ForestWetRich
7596697,Syringa vulgaris,ForestWetRich
7596698,Syringa vulgaris,ForestWetRich
7596699,Syringa vulgaris,ForestWetRich
7596700,Syringa vulgaris,ForestWetRich
7596741,Syringa vulgaris,ForestWetRich
7596742,Syringa vulgaris,ForestWetRich
7596743,Syringa vulgaris,ForestWetRich
7596744,Syringa vulgaris,ForestWetRich
7596745,Syringa vulgaris,ForestWetRich
7596746,Syringa vulgaris,ForestWetRich
7596747,Syringa vulgaris,ForestWetRich
7596748,Syringa vulgaris,ForestWetRich
7599381,Syringa vulgaris,ForestWetRich
7599382,Syringa vulgaris,ForestWetRich
7599383,Syringa vulgaris,ForestWetRich
7599384,Syringa vulgaris,ForestWetRich
7599385,Syringa vulgaris,ForestWetRich
7599386,Syringa vulgaris,ForestWetRich
7599387,Syringa vulgaris,ForestWetRich
7599388,Syringa vulgaris,ForestWetRich
7599389,Syringa vulgaris,ForestWetRich
7599390,Syringa vulgaris,ForestWetRich
7599391,Syringa vulgaris,ForestWetRich
7599392,Syringa vulgaris,ForestWetRich
7599393,Syringa vulgaris,ForestWetRich
7599394,Syringa vulgaris,ForestWetRich
7599395,Syringa vulgaris,ForestWetRich
7599396,Syringa vulgaris,ForestWetRich
7599397,Syringa vulgaris,ForestWetRich
7599398,Syringa vulgaris,ForestWetRich
7599399,Syringa vulgaris,ForestWetRich
7599400,Syringa vulgaris,ForestWetRich
7599441,Syringa vulgaris,ForestWetRich
7599442,Syringa vulgaris,ForestWetRich
7599443,Syringa vulgaris,ForestWetRich
7599444,Syringa vulgaris,ForestWetRich
7599445,Syringa vulgaris,ForestWetRich
7599446,Syringa vulgaris,ForestWetRich
7599447,Syringa vulgaris,ForestWetRich
7602081,Syringa vulgaris,ForestWetRich
7602082,Syringa vulgaris,ForestWetRich
7602083,Syringa vulgaris,ForestWetRich
7602084,Syringa vulgaris,ForestWetRich
7602085,Syringa vulgaris,ForestWetRich
7602086,Syringa vulgaris,ForestWetRich
7602087,Syringa vulgaris,ForestWetRich
7602088,Syringa vulgaris,ForestWetRich
7602089,Syringa vulgaris,ForestWetRich
7602090,Syringa vulgaris,ForestWetRich
7602091,Syringa vulgaris,ForestWetRich
7602092,Syringa vulgaris,ForestWetRich
7602093,Syringa vulgaris,ForestWetRich
7602094,Syringa vulgaris,ForestWetRich
7602095,Syringa vulgaris,ForestWetRich
7602096,Syringa vulgaris,ForestWetRich
7602097,Syringa vulgaris,ForestWetRich
7602098,Syringa vulgaris,ForestWetRich
7602099,Syringa vulgaris,ForestWetRich
7602100,Syringa vulgaris,ForestWetRich
7602141,Syringa vulgaris,ForestWetRich
7602142,Syringa vulgaris,ForestWetRich
7602143,Syringa vulgaris,ForestWetRich
7602144,Syringa vulgaris,ForestWetRich
7602145,Syringa vulgaris,ForestWetRich
7602146,Syringa vulgaris,ForestWetRich
7602147,Syringa vulgaris,ForestWetRich
7604781,Syringa vulgaris,ForestWetRich
7604782,Syringa vulgaris,ForestWetRich
7604783,Syringa vulgaris,ForestWetRich
7604784,Syringa vulgaris,ForestWetRich
7604785,Syringa vulgaris,ForestWetRich
7604786,Syringa vulgaris,ForestWetRich
7604787,Syringa vulgaris,ForestWetRich
7604788,Syringa vulgaris,ForestWetRich
7604789,Syringa vulgaris,ForestWetRich
7604790,Syringa vulgaris,ForestWetRich
7604791,Syringa vulgaris,ForestWetRich
7604792,Syringa vulgaris,ForestWetRich
7604793,Syringa vulgaris,ForestWetRich
7604794,Syringa vulgaris,ForestWetRich
7604795,Syringa vulgaris,ForestWetRich
7604796,Syringa vulgaris,ForestWetRich
7604797,Syringa vulgaris,ForestWetRich
7604798,Syringa vulgaris,ForestWetRich
7604799,Syringa vulgaris,ForestWetRich
7604800,Syringa vulgaris,ForestWetRich
7604841,Syringa vulgaris,ForestWetRich
7604842,Syringa vulgaris,ForestWetRich
7604843,Syringa vulgaris,ForestWetRich
7604844,Syringa vulgaris,ForestWetRich
7604845,Syringa vulgaris,ForestWetRich
7604846,Syringa vulgaris,ForestWetRich
7607481,Syringa vulgaris,ForestWetRich
7607482,Syringa vulgaris,ForestWetRich
7607483,Syringa vulgaris,ForestWetRich
7607484,Syringa vulgaris,ForestWetRich
7607485,Syringa vulgaris,ForestWetRich
7607486,Syringa vulgaris,ForestWetRich
7607487,Syringa vulgaris,ForestWetRich
7607488,Syringa vulgaris,ForestWetRich
7607489,Syringa vulgaris,ForestWetRich
7607490,Syringa vulgaris,ForestWetRich
7607491,Syringa vulgaris,ForestWetRich
7607492,Syringa vulgaris,ForestWetRich
7607493,Syringa vulgaris,ForestWetRich
7607494,Syringa vulgaris,ForestWetRich
7607495,Syringa vulgaris,ForestWetRich
7607496,Syringa vulgaris,ForestWetRich
7607497,Syringa vulgaris,ForestWetRich
7607498,Syringa vulgaris,ForestWetRich
7607499,Syringa vulgaris,ForestWetRich
7607500,Syringa vulgaris,ForestWetRich
7607541,Syringa vulgaris,ForestWetRich
7607542,Syringa vulgaris,ForestWetRich
7607543,Syringa vulgaris,ForestWetRich
7607544,Syringa vulgaris,ForestWetRich
7607545,Syringa vulgaris,ForestWetRich
7610181,Syringa vulgaris,ForestWetRich
7610182,Syringa vulgaris,ForestWetRich
7610183,Syringa vulgaris,ForestWetRich
7610184,Syringa vulgaris,ForestWetRich
7610185,Syringa vulgaris,ForestWetRich
7610186,Syringa vulgaris,ForestWetRich
7610187,Syringa vulgaris,ForestWetRich
7610188,Syringa vulgaris,ForestWetRich
7610189,Syringa vulgaris,ForestWetRich
7610190,Syringa vulgaris,ForestWetRich
7610191,Syringa vulgaris,ForestWetRich
7610192,Syringa vulgaris,ForestWetRich
7610193,Syringa vulgaris,ForestWetRich
7610194,Syringa vulgaris,ForestWetRich
7610195,Syringa vulgaris,ForestWetRich
7610196,Syringa vulgaris,ForestWetRich
7610197,Syringa vulgaris,ForestWetRich
7610198,Syringa vulgaris,ForestWetRich
7610199,Syringa vulgaris,ForestWetRich
7610200,Syringa vulgaris,ForestWetRich
7610241,Syringa vulgaris,ForestWetRich
7610242,Syringa vulgaris,ForestWetRich
7610243,Syringa vulgaris,ForestWetRich
7610244,Syringa vulgaris,ForestWetRich
7612881,Syringa vulgaris,ForestWetRich
7612882,Syringa vulgaris,ForestWetRich
7612883,Syringa vulgaris,ForestWetRich
7612884,Syringa vulgaris,ForestWetRich
7612885,Syringa vulgaris,ForestWetRich
7612886,Syringa vulgaris,ForestWetRich
7612887,Syringa vulgaris,ForestWetRich
7612888,Syringa vulgaris,ForestWetRich
7612889,Syringa vulgaris,ForestWetRich
7612890,Syringa vulgaris,ForestWetRich
7612891,Syringa vulgaris,ForestWetRich
7612892,Syringa vulgaris,ForestWetRich
7612893,Syringa vulgaris,ForestWetRich
7612894,Syringa vulgaris,ForestWetRich
7612895,Syringa vulgaris,ForestWetRich
7612896,Syringa vulgaris,ForestWetRich
7612897,Syringa vulgaris,ForestWetRich
7612898,Syringa vulgaris,ForestWetRich
7612899,Syringa vulgaris,ForestWetRich
7612900,Syringa vulgaris,ForestWetRich
7612941,Syringa vulgaris,ForestWetRich
7612942,Syringa vulgaris,ForestWetRich
7612943,Syringa vulgaris,ForestWetRich
7615621,Syringa vulgaris,ForestWetRich
7615622,Syringa vulgaris,ForestWetRich
7615623,Syringa vulgaris,ForestWetRich
7615624,Syringa vulgaris,ForestWetRich
7615625,Syringa vulgaris,ForestWetRich
7615626,Syringa vulgaris,ForestWetRich
7615627,Syringa vulgaris,ForestWetRich
7615628,Syringa vulgaris,ForestWetRich
7615629,Syringa vulgaris,ForestWetRich
7615630,Syringa vulgaris,ForestWetRich
7615631,Syringa vulgaris,ForestWetRich
7615632,Syringa vulgaris,ForestWetRich
7615633,Syringa vulgaris,ForestWetRich
7615634,Syringa vulgaris,ForestWetRich
7615635,Syringa vulgaris,ForestWetRich
7615636,Syringa vulgaris,ForestWetRich
7615637,Syringa vulgaris,ForestWetRich
7615638,Syringa vulgaris,ForestWetRich
7615639,Syringa vulgaris,ForestWetRich
7615640,Syringa vulgaris,ForestWetRich
7615641,Syringa vulgaris,ForestWetRich
7615642,Syringa vulgaris,ForestWetRich
7618321,Syringa vulgaris,ForestWetRich
7618322,Syringa vulgaris,ForestWetRich
7618323,Syringa vulgaris,ForestWetRich
7618324,Syringa vulgaris,ForestWetRich
7618325,Syringa vulgaris,ForestWetRich
7618326,Syringa vulgaris,ForestWetRich
7618327,Syringa vulgaris,ForestWetRich
7618328,Syringa vulgaris,ForestWetRich
7618329,Syringa vulgaris,ForestWetRich
7618330,Syringa vulgaris,ForestWetRich
7618331,Syringa vulgaris,ForestWetRich
7618332,Syringa vulgaris,ForestWetRich
7618333,Syringa vulgaris,ForestWetRich
7618334,Syringa vulgaris,ForestWetRich
7618335,Syringa vulgaris,ForestWetRich
7618336,Syringa vulgaris,ForestWetRich
7618337,Syringa vulgaris,ForestWetRich
7618338,Syringa vulgaris,ForestWetRich
7618339,Syringa vulgaris,ForestWetRich
7618340,Syringa vulgaris,ForestWetRich
7618341,Syringa vulgaris,ForestWetRich
7618342,Syringa vulgaris,ForestWetRich
7621021,Syringa vulgaris,ForestWetRich
7621022,Syringa vulgaris,ForestWetRich
7621023,Syringa vulgaris,ForestWetRich
7621024,Syringa vulgaris,ForestWetRich
7621025,Syringa vulgaris,ForestWetRich
7621026,Syringa vulgaris,ForestWetRich
7621027,Syringa vulgaris,ForestWetRich
7621028,Syringa vulgaris,ForestWetRich
7621029,Syringa vulgaris,ForestWetRich
7621030,Syringa vulgaris,ForestWetRich
7621031,Syringa vulgaris,ForestWetRich
7621032,Syringa vulgaris,ForestWetRich
7621033,Syringa vulgaris,ForestWetRich
7621034,Syringa vulgaris,ForestWetRich
7621035,Syringa vulgaris,ForestWetRich
7621036,Syringa vulgaris,ForestWetRich
7621037,Syringa vulgaris,ForestWetRich
7621038,Syringa vulgaris,ForestWetRich
7621039,Syringa vulgaris,ForestWetRich
7621040,Syringa vulgaris,ForestWetRich
7621041,Syringa vulgaris,ForestWetRich
7623721,Syringa vulgaris,ForestWetRich
7623722,Syringa vulgaris,ForestWetRich
7623723,Syringa vulgaris,ForestWetRich
7623724,Syringa vulgaris,ForestWetRich
7623725,Syringa vulgaris,ForestWetRich
7623726,Syringa vulgaris,ForestWetRich
7623727,Syringa vulgaris,ForestWetRich
7623728,Syringa vulgaris,ForestWetRich
7623729,Syringa vulgaris,ForestWetRich
7623730,Syringa vulgaris,ForestWetRich
7623731,Syringa vulgaris,ForestWetRich
7623732,Syringa vulgaris,ForestWetRich
7623733,Syringa vulgaris,ForestWetRich
7623734,Syringa vulgaris,ForestWetRich
7623735,Syringa vulgaris,ForestWetRich
7623736,Syringa vulgaris,ForestWetRich
7623737,Syringa vulgaris,ForestWetRich
7623738,Syringa vulgaris,ForestWetRich
7623739,Syringa vulgaris,ForestWetRich
7623740,Syringa vulgaris,ForestWetRich
7626421,Syringa vulgaris,ForestWetRich
7626422,Syringa vulgaris,ForestWetRich
7626423,Syringa vulgaris,ForestWetRich
7626424,Syringa vulgaris,ForestWetRich
7626425,Syringa vulgaris,ForestWetRich
7626426,Syringa vulgaris,ForestWetRich
7626427,Syringa vulgaris,ForestWetRich
7626428,Syringa vulgaris,ForestWetRich
7626429,Syringa vulgaris,ForestWetRich
7626430,Syringa vulgaris,ForestWetRich
7626431,Syringa vulgaris,ForestWetRich
7626432,Syringa vulgaris,ForestWetRich
7626433,Syringa vulgaris,ForestWetRich
7626434,Syringa vulgaris,ForestWetRich
7626435,Syringa vulgaris,ForestWetRich
7626436,Syringa vulgaris,ForestWetRich
7626437,Syringa vulgaris,ForestWetRich
7626438,Syringa vulgaris,ForestWetRich
7629121,Syringa vulgaris,ForestWetRich
7629122,Syringa vulgaris,ForestWetRich
7629123,Syringa vulgaris,ForestWetRich
7629124,Syringa vulgaris,ForestWetRich
7629125,Syringa vulgaris,ForestWetRich
7629126,Syringa vulgaris,ForestWetRich
7629127,Syringa vulgaris,ForestWetRich
7629128,Syringa vulgaris,ForestWetRich
7629129,Syringa vulgaris,ForestWetRich
7629130,Syringa vulgaris,ForestWetRich
7629131,Syringa vulgaris,ForestWetRich
7629132,Syringa vulgaris,ForestWetRich
7629133,Syringa vulgaris,ForestWetRich
7629134,Syringa vulgaris,ForestWetRich
7629135,Syringa vulgaris,ForestWetRich
7629136,Syringa vulgaris,ForestWetRich
7629137,Syringa vulgaris,ForestWetRich
7631821,Syringa vulgaris,ForestWetRich
7631822,Syringa vulgaris,ForestWetRich
7631823,Syringa vulgaris,ForestWetRich
7631824,Syringa vulgaris,ForestWetRich
7631825,Syringa vulgaris,ForestWetRich
7631826,Syringa vulgaris,ForestWetRich
7631827,Syringa vulgaris,ForestWetRich
7631828,Syringa vulgaris,ForestWetRich
7631829,Syringa vulgaris,ForestWetRich
7631830,Syringa vulgaris,ForestWetRich
7631831,Syringa vulgaris,ForestWetRich
7631832,Syringa vulgaris,ForestWetRich
7631833,Syringa vulgaris,ForestWetRich
7631834,Syringa vulgaris,ForestWetRich
7631835,Syringa vulgaris,ForestWetRich
7631836,Syringa vulgaris,ForestWetRich
7634521,Syringa vulgaris,ForestWetRich
7634522,Syringa vulgaris,ForestWetRich
7634523,Syringa vulgaris,ForestWetRich
7634524,Syringa vulgaris,ForestWetRich
7634525,Syringa vulgaris,ForestWetRich
7634526,Syringa vulgaris,ForestWetRich
7634527,Syringa vulgaris,ForestWetRich
7634528,Syringa vulgaris,ForestWetRich
7634529,Syringa vulgaris,ForestWetRich
7634530,Syringa vulgaris,ForestWetRich
7634531,Syringa vulgaris,ForestWetRich
7634532,Syringa vulgaris,ForestWetRich
7634533,Syringa vulgaris,ForestWetRich
7634534,Syringa vulgaris,ForestWetRich
7634535,Syringa vulgaris,ForestWetRich
7637221,Syringa vulgaris,ForestWetRich
7637222,Syringa vulgaris,ForestWetRich
7637223,Syringa vulgaris,ForestWetRich
7637224,Syringa vulgaris,ForestWetRich
7637225,Syringa vulgaris,ForestWetRich
7637226,Syringa vulgaris,ForestWetRich
7637227,Syringa vulgaris,ForestWetRich
7637228,Syringa vulgaris,ForestWetRich
7637229,Syringa vulgaris,ForestWetRich
7637230,Syringa vulgaris,ForestWetRich
7637231,Syringa vulgaris,ForestWetRich
7637232,Syringa vulgaris,ForestWetRich
7637233,Syringa vulgaris,ForestWetRich
7639921,Syringa vulgaris,ForestWetRich
7639922,Syringa vulgaris,ForestWetRich
7639923,Syringa vulgaris,ForestWetRich
7639924,Syringa vulgaris,ForestWetRich
7639925,Syringa vulgaris,ForestWetRich
7639926,Syringa vulgaris,ForestWetRich
7639927,Syringa vulgaris,ForestWetRich
7639928,Syringa vulgaris,ForestWetRich
7639929,Syringa vulgaris,ForestWetRich
7639930,Syringa vulgaris,ForestWetRich
7639931,Syringa vulgaris,ForestWetRich
7639932,Syringa vulgaris,ForestWetRich
7642621,Syringa vulgaris,ForestWetRich
7642622,Syringa vulgaris,ForestWetRich
7642623,Syringa vulgaris,ForestWetRich
7642624,Syringa vulgaris,ForestWetRich
7642625,Syringa vulgaris,ForestWetRich
7642626,Syringa vulgaris,ForestWetRich
7642627,Syringa vulgaris,ForestWetRich
7642628,Syringa vulgaris,ForestWetRich
7642629,Syringa vulgaris,ForestWetRich
7642630,Syringa vulgaris,ForestWetRich
7645321,Syringa vulgaris,ForestWetRich
7645322,Syringa vulgaris,ForestWetRich
7645323,Syringa vulgaris,ForestWetRich
7645324,Syringa vulgaris,ForestWetRich
7645325,Syringa vulgaris,ForestWetRich
7645326,Syringa vulgaris,ForestWetRich
7645327,Syringa vulgaris,ForestWetRich
7645328,Syringa vulgaris,ForestWetRich
7648021,Syringa vulgaris,ForestWetRich
7648022,Syringa vulgaris,ForestWetRich
7648023,Syringa vulgaris,ForestWetRich
7648024,Syringa vulgaris,ForestWetRich
7648025,Syringa vulgaris,ForestWetRich
7648026,Syringa vulgaris,ForestWetRich
7650721,Syringa vulgaris,ForestWetRich
7650722,Syringa vulgaris,ForestWetRich
7650723,Syringa vulgaris,ForestWetRich
7653421,Syringa vulgaris,ForestWetRich
